,Trek,Cost,Time,Trip Grade,Max Altitude,Accomodation,Best Travel Time,Date of Travel,Sex,Age,Employment Type,GraduateOrNot,AnnualIncome,FrequentFlyer,Year,Regional code,Country,Fitness Level,Weather Conditions,Trekking Group Size,Guide/No Guide,Equipment Used,Purpose of Travel,Health Incidents,Review/Satisfaction
0,Annapurna Base Camp Heli Trek,1750.0,9,Easy,4210,Teahouse,March - May & Sept - Dec,2023-08-07,Others,27,Government Sector,Yes,1050000,No,2017,3980,Kazakhstan,Beginner,Rainy,12.0,Guide,Poles,Adventure,Minor Injury,5.0
1,Annapurna Base Camp Heli Trek,1750.0,9,Easy,4210,Teahouse,March - May & Sept - Dec,2023-05-27,Others,28,Government Sector,Yes,300000,No,2017,7050,Slovenia,Beginner,Cloudy,6.0,No Guide,Poles,Adventure,Minor Injury,3.5
2,Annapurna Base Camp Heli Trek,1750.0,9,Easy,4210,Teahouse,March - May & Sept - Dec,2022-05-07,Others,29,Private Sector ,Yes,600000,No,2016,1520,Chile,Beginner,Clear,12.0,Guide,Poles,Adventure,Minor Injury,5.0
3,Annapurna Base Camp Heli Trek,1750.0,9,Easy,4210,Teahouse,March - May & Sept - Dec,2022-10-07,Male,28,Private Sector ,Yes,1150000,No,2017,560,Belgium,Beginner,Rainy,8.0,No Guide,Poles,Adventure,Altitude Sickness,3.0
4,Annapurna Base Camp Heli Trek,1750.0,9,Easy,4210,Teahouse,March - May & Sept - Dec,2022-06-24,Others,32,Government Sector,Yes,850000,No,2016,4540,Malawi,Advanced,Snowy,12.0,Guide,Oxygen,Charity,Minor Injury,5.0
5,Annapurna Base Camp Short Trek,1090.0,11,Easy,4210,Teahouse,March - May & Sept - Dec,2023-06-04,Others,34,Private Sector ,Yes,1050000,No,2017,3840,Court Jiboire,Intermediate,Clear,5.0,Guide,Poles,Leisure,Minor Injury,4.0
6,Annapurna Base Camp Short Trek,1090.0,11,Easy,4210,Teahouse,March - May & Sept - Dec,2023-05-19,Male,34,Private Sector ,Yes,500000,No,2017,7030,Slovakia,Advanced,Snowy,12.0,Guide,Oxygen,Charity,Minor Injury,5.0
7,Annapurna Base Camp Short Trek,1090.0,11,Easy,4210,Teahouse,March - May & Sept - Dec,2020-10-04,Female,30,Private Sector ,No,550000,No,2016,4461,Macau travel certificate,Intermediate,Clear,10.0,Guide,Poles,Leisure,Minor Injury,4.5
8,Annapurna Base Camp Short Trek,1090.0,11,Easy,4210,Teahouse,March - May & Sept - Dec,2021-05-10,Others,26,Private Sector ,Yes,1500000,Yes,2016,1440,Sri Lanka,Beginner,Rainy,8.0,No Guide,Poles,Adventure,Altitude Sickness,3.0
9,Annapurna Base Camp Short Trek,1090.0,11,Easy,4210,Teahouse,March - May & Sept - Dec,2022-03-17,Male,31,Government Sector,Yes,400000,No,2017,510,Armenia,Beginner,Cloudy,6.0,No Guide,Poles,Adventure,Minor Injury,3.5
10,Annapurna Base Camp Trek,1090.0,14,Moderate,4210,Guesthouse,March - May & Sept - Dec,2022-07-29,Others,28,Government Sector,Yes,300000,No,2017,3800,Italy,Advanced,Snowy,12.0,Guide,Oxygen,Charity,Minor Injury,5.0
11,Annapurna Base Camp Trek,1090.0,16,Moderate,4130,Guesthouse,Jan - May & Sept - Dec,2023-04-21,Male,31,Government Sector,No,300000,No,2016,4280,Latvia,Intermediate,Clear,5.0,Guide,Poles,Leisure,Minor Injury,4.0
12,Annapurna Base Camp Trek,1090.0,14,Moderate,4210,Guesthouse,March - May & Sept - Dec,2023-07-12,Others,30,Private Sector ,No,550000,No,2016,1400,Central Africa,Intermediate,Clear,10.0,Guide,Poles,Leisure,Minor Injury,4.5
13,Annapurna Base Camp Trek,1090.0,14,Moderate,4210,Guesthouse,March - May & Sept - Dec,2020-12-03,Others,31,Government Sector,Yes,1500000,Yes,2017,500,Bangladesh,Intermediate,Clear,5.0,Guide,Poles,Leisure,Minor Injury,4.0
14,Annapurna Base Camp Trek,1090.0,16,Moderate,4130,Guesthouse,Jan - May & Sept - Dec,2022-09-01,Male,27,Private Sector ,No,1550000,Yes,2016,7560,Switzerland,Advanced,Snowy,12.0,Guide,Oxygen,Charity,Minor Injury,5.0
15,Annapurna Base Camp Trek,1090.0,14,Moderate,4210,Guesthouse,March - May & Sept - Dec,2023-07-30,Others,34,Private Sector ,No,1400000,No,2017,7020,Singapore,Beginner,Rainy,8.0,No Guide,Poles,Adventure,Altitude Sickness,3.0
16,Annapurna Base Camp Trek,1090.0,16,Moderate,4130,Guesthouse,Jan - May & Sept - Dec,2021-05-19,Others,34,Private Sector ,Yes,1300000,No,2017,6780,Santa Principa,Beginner,Clear,12.0,Guide,Poles,Adventure,Minor Injury,5.0
17,Annapurna Base Camp Trek,1090.0,14,Moderate,4210,Guesthouse,March - May & Sept - Dec,2021-05-10,Others,33,Government Sector,Yes,650000,No,2016,4460,Macau,Beginner,Cloudy,6.0,No Guide,Poles,Adventure,Minor Injury,3.5
18,Annapurna Base Camp Trek,1090.0,16,Moderate,4130,Guesthouse,Jan - May & Sept - Dec,2021-08-25,Female,25,Private Sector ,No,1150000,No,2017,3560,India,Beginner,Rainy,8.0,No Guide,Poles,Adventure,Altitude Sickness,3.0
19,Annapurna Base Camp Trek,1090.0,16,Moderate,4130,Guesthouse,Jan - May & Sept - Dec,2021-08-18,Male,34,Private Sector ,Yes,1000000,No,2016,1080,Brush,Beginner,Cloudy,6.0,No Guide,Poles,Adventure,Minor Injury,3.5
20,Annapurna Base Camp Trek,1499.0,11,Moderate,4130,Guesthouse,Jan - May & Sept - Dec,2020-04-15,Others,28,Government Sector,Yes,300000,No,2017,7980,Tsubaru,Intermediate,Clear,10.0,Guide,Poles,Leisure,Minor Injury,4.5
21,Annapurna Base Camp Trek,1499.0,11,Moderate,4130,Guesthouse,Jan - May & Sept - Dec,2020-05-20,Others,33,Government Sector,Yes,400000,No,2016,2320,Eritria,Beginner,Cloudy,6.0,No Guide,Poles,Adventure,Minor Injury,3.5
22,Annapurna Base Camp Trek,1499.0,11,Moderate,4130,Guesthouse,Jan - May & Sept - Dec,2020-04-20,Others,34,Private Sector ,Yes,700000,No,2017,1560,China,Beginner,Clear,12.0,Guide,Poles,Adventure,Minor Injury,5.0
23,Annapurna Base Camp Trek,1499.0,11,Moderate,4130,Guesthouse,Jan - May & Sept - Dec,2021-05-09,Female,28,Private Sector ,Yes,800000,No,2017,4620,Maldives,Beginner,Rainy,8.0,No Guide,Poles,Adventure,Altitude Sickness,3.0
24,Annapurna Base Camp Trek,1499.0,11,Moderate,4130,Guesthouse,Jan - May & Sept - Dec,2021-06-11,Female,31,Private Sector ,Yes,1400000,No,2016,5580,Nicaragua,Intermediate,Clear,5.0,Guide,Poles,Leisure,Minor Injury,4.0
25,Annapurna Circle Trek,1499.0,14,Moderate,5416,Guesthouse,Jan - May & Sept - Dec,2023-01-11,Male,31,Private Sector ,Yes,1250000,Yes,2017,2460,Finland,Intermediate,Clear,10.0,Guide,Poles,Leisure,Minor Injury,4.5
26,Annapurna Circle Trek,1499.0,14,Moderate,5416,Guesthouse,Jan - May & Sept - Dec,2021-12-23,Female,26,Private Sector ,Yes,1400000,No,2016,3480,Hungary,Advanced,Snowy,12.0,Guide,Oxygen,Charity,Minor Injury,5.0
27,Annapurna Circle Trek,1499.0,14,Moderate,5416,Guesthouse,Jan - May & Sept - Dec,2022-03-23,Female,28,Private Sector ,Yes,600000,Yes,2017,5830,Micronesia,Beginner,Cloudy,6.0,No Guide,Poles,Adventure,Minor Injury,3.5
28,Annapurna Circle Trek,1499.0,14,Moderate,5416,Guesthouse,Jan - May & Sept - Dec,2022-06-16,Others,29,Private Sector ,Yes,1350000,No,2016,280,Antigua Berbuda,Intermediate,Clear,5.0,Guide,Poles,Leisure,Minor Injury,4.0
29,Annapurna Circle Trek,1499.0,14,Moderate,5416,Guesthouse,Jan - May & Sept - Dec,2023-05-06,Male,34,Private Sector ,Yes,1000000,No,2016,6700,St. Vincent,Beginner,Rainy,8.0,No Guide,Poles,Adventure,Altitude Sickness,3.0
30,Annapurna Circuit Short Trek,1250.0,12,Difficult,5416,Guesthouse,March - May & Sept - Nov.,2020-12-23,Female,26,Private Sector ,Yes,1400000,No,2017,4140,Kuwait,Intermediate,Clear,10.0,Guide,Poles,Leisure,Minor Injury,4.5
31,Annapurna Circuit Short Trek,1250.0,12,Difficult,5416,Guesthouse,March - May & Sept - Nov.,2020-08-06,Others,29,Private Sector ,Yes,350000,No,2017,760,Brazil,Beginner,Rainy,8.0,No Guide,Poles,Adventure,Altitude Sickness,3.0
32,Annapurna Circuit Short Trek,1250.0,12,Difficult,5416,Guesthouse,March - May & Sept - Nov.,2022-02-09,Others,25,Private Sector ,No,600000,No,2017,7280,South Sudan,Beginner,Cloudy,6.0,No Guide,Poles,Adventure,Minor Injury,3.5
33,Annapurna Circuit Short Trek,1250.0,12,Difficult,5416,Guesthouse,March - May & Sept - Nov.,2022-10-02,Male,32,Government Sector,Yes,800000,No,2016,4780,Mauritania,Advanced,Snowy,12.0,Guide,Oxygen,Charity,Minor Injury,5.0
34,Annapurna Circuit Short Trek,1250.0,12,Difficult,5416,Guesthouse,March - May & Sept - Nov.,2022-07-21,Female,26,Private Sector ,Yes,750000,No,2016,1780,Congo,Intermediate,Clear,5.0,Guide,Poles,Leisure,Minor Injury,4.0
35,Annapurna Circuit Trek,1100.0,19,Moderate,5416,Guesthouse,Jan - May & Sept - Dec,2022-09-07,Female,28,Private Sector ,Yes,700000,Yes,2017,6740,Sun Marino,Beginner,Cloudy,6.0,No Guide,Poles,Adventure,Minor Injury,3.5
36,Annapurna Circuit Trek,1100.0,19,Moderate,5416,Guesthouse,Jan - May & Sept - Dec,2020-12-19,Male,31,Government Sector,Yes,1300000,No,2016,7520,Sweden,Beginner,Rainy,8.0,No Guide,Poles,Adventure,Altitude Sickness,3.0
37,Annapurna Circuit Trek,1250.0,14,Moderate,5416,Teahouse,March-May & Sept-Dec,2021-08-18,Others,27,Government Sector,Yes,850000,No,2017,7240,Spain,Intermediate,Clear,5.0,Guide,Poles,Leisure,Minor Injury,4.0
38,Annapurna Circuit Trek,1100.0,19,Moderate,5416,Guesthouse,Jan - May & Sept - Dec,2021-01-13,Female,26,Private Sector ,Yes,1300000,No,2017,3520,Iceland,Intermediate,Clear,10.0,Guide,Poles,Leisure,Minor Injury,4.5
39,Annapurna Circuit Trek,1100.0,19,Moderate,5416,Guesthouse,Jan - May & Sept - Dec,2022-03-15,Female,34,Private Sector ,Yes,1000000,No,2016,1040,Myanmar,Intermediate,Clear,5.0,Guide,Poles,Leisure,Minor Injury,4.0
40,Annapurna Circuit Trek,1250.0,14,Moderate,5416,Teahouse,March-May & Sept-Dec,2022-03-09,Others,31,Private Sector ,Yes,950000,No,2016,4700,Malta,Beginner,Rainy,8.0,No Guide,Poles,Adventure,Altitude Sickness,3.0
41,Annapurna Circuit Trek,1250.0,14,Moderate,5416,Teahouse,March-May & Sept-Dec,2022-12-18,Male,33,Government Sector,Yes,400000,No,2016,1740,Komoro,Advanced,Snowy,12.0,Guide,Oxygen,Charity,Minor Injury,5.0
42,Annapurna Circuit Trek,1250.0,14,Moderate,5416,Teahouse,March-May & Sept-Dec,2020-01-08,Male,34,Private Sector ,Yes,1300000,No,2017,4100,South Korea,Beginner,Cloudy,6.0,No Guide,Poles,Adventure,Minor Injury,3.5
43,Annapurna Circuit Trek,1250.0,14,Moderate,5416,Teahouse,March-May & Sept-Dec,2020-05-06,Others,28,Private Sector ,Yes,1150000,Yes,2017,720,Botwana,Intermediate,Clear,10.0,Guide,Poles,Leisure,Minor Injury,4.5
44,Annapurna Circuit Trek,1100.0,19,Moderate,5416,Guesthouse,Jan - May & Sept - Dec,2021-06-10,Female,34,Private Sector ,Yes,700000,No,2016,4260,Lesot,Advanced,Snowy,12.0,Guide,Oxygen,Charity,Minor Injury,5.0
45,Annapurna Circuit Trek with Tilicho Lake and Poon Hill,1499.0,20,Moderate,5416,Guesthouse,Jan - May & Sept - Dec,2020-12-20,Others,26,Private Sector ,Yes,1400000,Yes,2016,440,Bahamas,Beginner,Snowy,12.0,Guide,Poles,Adventure,Minor Injury,5.0
46,Annapurna Circuit Trek with Tilicho Lake and Poon Hill,1499.0,20,Moderate,5416,Guesthouse,Jan - May & Sept - Dec,2022-07-26,Female,29,Private Sector ,Yes,1200000,No,2016,3680,Iraq,Advanced,Snowy,12.0,Guide,Oxygen,Charity,Minor Injury,5.0
47,Annapurna Circuit Trek with Tilicho Lake and Poon Hill,1499.0,20,Moderate,5416,Guesthouse,Jan - May & Sept - Dec,2022-04-14,Others,35,Private Sector ,No,800000,No,2017,5980,Papua New Guinea,Beginner,Cloudy,6.0,No Guide,Poles,Adventure,Minor Injury,3.5
48,Annapurna Circuit Trek with Tilicho Lake and Poon Hill,1499.0,20,Moderate,5416,Guesthouse,Jan - May & Sept - Dec,2021-10-29,Female,26,Private Sector ,Yes,600000,No,2017,2750,Palestine,Beginner,Clear,12.0,Guide,Poles,Adventure,Minor Injury,5.0
49,Annapurna Circuit Trek with Tilicho Lake and Poon Hill,1499.0,20,Moderate,5416,Guesthouse,Jan - May & Sept - Dec,2023-05-11,Male,29,Private Sector ,Yes,1350000,No,2016,6880,Serbia,Beginner,Rainy,8.0,No Guide,Poles,Adventure,Altitude Sickness,3.0
50,Annapurna Circuit Trek,1499.0,17,Moderate,5416,Guesthouse,Jan - May & Sept - Dec,2020-07-19,Female,30,Private Sector ,No,550000,Yes,2016,5830,Micronesia,Advanced,Snowy,12.0,Guide,Oxygen,Charity,Minor Injury,5.0
51,Annapurna Circuit Trek,1499.0,17,Moderate,5416,Guesthouse,Jan - May & Sept - Dec,2020-08-02,Others,26,Private Sector ,Yes,1400000,No,2017,8180,Egypt,Beginner,Cloudy,6.0,No Guide,Poles,Adventure,Minor Injury,3.5
52,Annapurna Circuit Trek,1499.0,17,Moderate,5416,Guesthouse,Jan - May & Sept - Dec,2022-05-10,Male,29,Private Sector ,Yes,900000,No,2017,4800,Mauritius,Intermediate,Clear,10.0,Guide,Poles,Leisure,Minor Injury,4.5
53,Annapurna Circuit Trek,1499.0,17,Moderate,5416,Guesthouse,Jan - May & Sept - Dec,2021-03-27,Others,35,Private Sector ,No,800000,No,2016,2460,Finland,Intermediate,Clear,5.0,Guide,Poles,Leisure,Minor Injury,4.0
54,Annapurna Circuit Trek,1499.0,17,Moderate,5416,Guesthouse,Jan - May & Sept - Dec,2020-07-15,Others,33,Private Sector ,Yes,550000,No,2017,1780,Congo,Beginner,Rainy,8.0,No Guide,Poles,Adventure,Altitude Sickness,3.0
55,Annapurna Luxury Trek,1450.0,9,Easy,2012,LuxuryLodges,March - May & Setpt - Dec,2022-03-26,Others,31,Private Sector ,Yes,1350000,No,2017,7290,Sudan,Intermediate,Clear,10.0,Guide,Poles,Leisure,Minor Injury,4.5
56,Annapurna Luxury Trek,1450.0,9,Easy,2012,LuxuryLodges,March - May & Setpt - Dec,2020-08-20,Male,28,Private Sector ,Yes,700000,No,2017,4170,Kyrgyzstan,Beginner,Rainy,8.0,No Guide,Poles,Adventure,Altitude Sickness,3.0
57,Annapurna Luxury Trek,1450.0,9,Easy,2012,LuxuryLodges,March - May & Setpt - Dec,2021-09-15,Male,34,Government Sector,Yes,1100000,No,2016,4800,Mauritius,Beginner,Clear,12.0,Guide,Poles,Adventure,Minor Injury,5.0
58,Annapurna Luxury Trek,1450.0,9,Easy,2012,LuxuryLodges,March - May & Setpt - Dec,2022-04-05,Male,27,Government Sector,Yes,500000,No,2016,1781,Zaire,Beginner,Cloudy,6.0,No Guide,Poles,Adventure,Minor Injury,3.5
59,Annapurna Luxury Trek,1450.0,9,Easy,2012,LuxuryLodges,March - May & Setpt - Dec,2021-06-18,Others,31,Private Sector ,Yes,1100000,No,2017,840,Belize,Advanced,Snowy,12.0,Guide,Oxygen,Charity,Minor Injury,5.0
60,Annapurna Panorama Trek,860.0,9,Easy,3210,Teahouse,Jan - May & Sept - Dec,2021-08-01,Male,28,Government Sector,Yes,600000,No,2017,900,Solomon,Intermediate,Clear,5.0,Guide,Poles,Leisure,Minor Injury,4.0
61,Annapurna Panorama Trek,860.0,9,Easy,3210,Teahouse,Jan - May & Sept - Dec,2022-09-19,Others,28,Private Sector ,Yes,900000,No,2017,7400,Slinum,Beginner,Clear,12.0,Guide,Poles,Adventure,Minor Injury,5.0
62,Annapurna Panorama Trek,860.0,9,Easy,3210,Teahouse,Jan - May & Sept - Dec,2022-03-27,Male,29,Private Sector ,Yes,350000,No,2017,4180,Laos,Advanced,Snowy,12.0,Guide,Oxygen,Charity,Minor Injury,5.0
63,Annapurna Panorama Trek,860.0,9,Easy,3210,Teahouse,Jan - May & Sept - Dec,2020-05-27,Others,28,Private Sector ,Yes,1150000,No,2016,1800,Congo Democratic Republic,Intermediate,Clear,10.0,Guide,Poles,Leisure,Minor Injury,4.5
64,Annapurna Panorama Trek,860.0,9,Easy,3210,Teahouse,Jan - May & Sept - Dec,2022-03-11,Others,25,Private Sector ,Yes,1700000,Yes,2016,4840,Mexico,Beginner,Cloudy,6.0,No Guide,Poles,Adventure,Minor Injury,3.5
65,Annapurna Sanctuary Trek,1499.0,14,Moderate,4130,Guesthouse,Jan - May & Sept - Dec,2023-04-22,Female,25,Private Sector ,Yes,1800000,Yes,2016,6160,Poland,Beginner,Clear,12.0,Guide,Poles,Adventure,Minor Injury,5.0
66,Annapurna Sanctuary Trek,1499.0,14,Moderate,4130,Guesthouse,Jan - May & Sept - Dec,2020-01-24,Male,31,Private Sector ,Yes,1250000,No,2017,2120,Dominica,Intermediate,Clear,10.0,Guide,Poles,Leisure,Minor Injury,4.5
67,Annapurna Sanctuary Trek,1499.0,14,Moderate,4130,Guesthouse,Jan - May & Sept - Dec,2020-02-10,Others,25,Private Sector ,No,1350000,No,2017,8870,Yemen,Intermediate,Clear,5.0,Guide,Poles,Leisure,Minor Injury,4.0
68,Annapurna Sanctuary Trek,1499.0,14,Moderate,4130,Guesthouse,Jan - May & Sept - Dec,2020-04-11,Others,28,Private Sector ,Yes,700000,No,2016,3000,Greece,Advanced,Snowy,12.0,Guide,Oxygen,Charity,Minor Injury,5.0
69,Annapurna Sanctuary Trek,1499.0,14,Moderate,4130,Guesthouse,Jan - May & Sept - Dec,2023-05-27,Others,32,Government Sector,Yes,350000,No,2017,5160,Namibia,Beginner,Clear,12.0,Guide,Poles,Adventure,Minor Injury,5.0
70,Annapurna Sunrise and Everest View Trek,1499.0,17,Moderate,3870,Guesthouse,Jan - May & Sept - Dec,2022-02-01,Female,35,Private Sector ,No,800000,No,2016,680,Bolivia,Intermediate,Clear,10.0,Guide,Poles,Leisure,Minor Injury,4.5
71,Annapurna Sunrise and Everest View Trek,1499.0,17,Moderate,3870,Guesthouse,Jan - May & Sept - Dec,2020-09-14,Male,29,Private Sector ,Yes,1200000,No,2016,4000,Jordan,Beginner,Clear,12.0,Guide,Poles,Adventure,Minor Injury,5.0
72,Annapurna Sunrise and Everest View Trek,1499.0,17,Moderate,3870,Guesthouse,Jan - May & Sept - Dec,2022-06-30,Male,30,Private Sector ,No,750000,No,2017,6260,East Timor Democratic Republic,Beginner,Rainy,8.0,No Guide,Poles,Adventure,Altitude Sickness,3.0
73,Annapurna Sunrise and Everest View Trek,1499.0,17,Moderate,3870,Guesthouse,Jan - May & Sept - Dec,2020-01-30,Others,35,Private Sector ,No,800000,No,2016,7060,Somalia,Intermediate,Clear,5.0,Guide,Poles,Leisure,Minor Injury,4.0
74,Annapurna Sunrise and Everest View Trek,1499.0,17,Moderate,3870,Guesthouse,Jan - May & Sept - Dec,2023-05-16,Others,28,Private Sector ,Yes,800000,Yes,2017,3240,Guinea,Advanced,Snowy,12.0,Guide,Oxygen,Charity,Minor Injury,5.0
75,Annapurna Tilicho Lake Trek,1450.0,17,Difficult,5416,Guesthouse,March - May & Sept - Nov,2022-03-24,Male,29,Private Sector ,Yes,1100000,No,2017,4220,Lebanon,Intermediate,Clear,5.0,Guide,Poles,Leisure,Minor Injury,4.0
76,Annapurna Tilicho Lake Trek,1450.0,17,Difficult,5416,Guesthouse,March - May & Sept - Nov,2020-12-12,Others,35,Private Sector ,No,800000,No,2016,4920,Monaco,Intermediate,Clear,10.0,Guide,Poles,Leisure,Minor Injury,4.5
77,Annapurna Tilicho Lake Trek,1450.0,17,Difficult,5416,Guesthouse,March - May & Sept - Nov,2023-04-11,Male,31,Government Sector,No,350000,No,2016,1880,Costa Rica,Beginner,Rainy,8.0,No Guide,Poles,Adventure,Altitude Sickness,3.0
78,Annapurna Tilicho Lake Trek,1450.0,17,Difficult,5416,Guesthouse,March - May & Sept - Nov,2020-06-12,Male,31,Government Sector,Yes,1500000,Yes,2017,960,Brunei,Beginner,Cloudy,6.0,No Guide,Poles,Adventure,Minor Injury,3.5
79,Annapurna Tilicho Lake Trek,1450.0,17,Difficult,5416,Guesthouse,March - May & Sept - Nov,2021-02-08,Male,27,Private Sector ,No,600000,No,2017,7480,Swaji Land,Advanced,Snowy,12.0,Guide,Oxygen,Charity,Minor Injury,5.0
80,Annapurna With Tilicho Lake Trek,1499.0,17,Moderate,5416,Guesthouse,Jan - May & Sept - Dec,2022-11-01,Male,28,Private Sector ,Yes,700000,No,2016,6900,Saechel,Advanced,Snowy,12.0,Guide,Oxygen,Charity,Minor Injury,5.0
81,Annapurna With Tilicho Lake Trek,1499.0,17,Moderate,5416,Guesthouse,Jan - May & Sept - Dec,2022-03-22,Female,27,Government Sector,Yes,850000,No,2016,480,Barrane,Beginner,Cloudy,6.0,No Guide,Poles,Adventure,Minor Injury,3.5
82,Annapurna With Tilicho Lake Trek,1499.0,17,Moderate,5416,Guesthouse,Jan - May & Sept - Dec,2023-06-24,Others,28,Private Sector ,Yes,550000,No,2017,6000,Paraguay,Beginner,Rainy,12.0,Guide,Poles,Adventure,Minor Injury,5.0
83,Annapurna With Tilicho Lake Trek,1499.0,17,Moderate,5416,Guesthouse,Jan - May & Sept - Dec,2020-12-09,Male,29,Private Sector ,Yes,1100000,No,2016,3720,Ireland,Intermediate,Clear,5.0,Guide,Poles,Leisure,Minor Injury,4.0
84,Annapurna With Tilicho Lake Trek,1499.0,17,Moderate,5416,Guesthouse,Jan - May & Sept - Dec,2021-02-13,Female,30,Private Sector ,No,800000,Yes,2017,2760,Germany,Beginner,Rainy,8.0,No Guide,Poles,Adventure,Altitude Sickness,3.0
85,Classic Annapurna Circuit Trek,1350.0,18,Moderate,5416,Teahouse,March - May & Sept - Nov,2021-09-26,Others,33,Government Sector,Yes,700000,Yes,2017,4080,north korea,Intermediate,Clear,5.0,Guide,Poles,Leisure,Minor Injury,4.0
86,Classic Annapurna Circuit Trek,1350.0,18,Moderate,5416,Teahouse,March - May & Sept - Nov,2021-02-22,Female,34,Private Sector ,Yes,1500000,Yes,2017,700,Bosnia Herzegovna,Beginner,Cloudy,6.0,No Guide,Poles,Adventure,Minor Injury,3.5
87,Classic Annapurna Circuit Trek,1350.0,18,Moderate,5416,Teahouse,March - May & Sept - Nov,2021-01-27,Female,35,Private Sector ,No,800000,No,2016,1700,Columbia,Beginner,Rainy,8.0,No Guide,Poles,Adventure,Altitude Sickness,3.0
88,Classic Annapurna Circuit Trek,1350.0,18,Moderate,5416,Teahouse,March - May & Sept - Nov,2020-08-20,Male,28,Government Sector,Yes,300000,No,2016,4660,Mari,Intermediate,Clear,10.0,Guide,Poles,Leisure,Minor Injury,4.5
89,Classic Annapurna Circuit Trek,1350.0,18,Moderate,5416,Teahouse,March - May & Sept - Nov,2022-11-18,Female,31,Government Sector,Yes,400000,No,2017,7160,Zimbabwe,Advanced,Snowy,12.0,Guide,Oxygen,Charity,Minor Injury,5.0
90,Everest Advanced Base Camp Trek from Tibet,1499.0,18,Moderate,6340,Guesthouse,Jan - May & Sept - Dec,2021-08-19,Others,34,Private Sector ,No,1400000,No,2017,1920,Cuba,Beginner,Rainy,12.0,Guide,Poles,Adventure,Minor Injury,5.0
91,Everest Advanced Base Camp Trek from Tibet,1499.0,18,Moderate,6340,Guesthouse,Jan - May & Sept - Dec,2020-02-04,Others,33,Government Sector,Yes,1100000,No,2016,2700,Gambia,Advanced,Snowy,12.0,Guide,Oxygen,Charity,Minor Injury,5.0
92,Everest Advanced Base Camp Trek from Tibet,1499.0,18,Moderate,6340,Guesthouse,Jan - May & Sept - Dec,2020-09-13,Male,34,Private Sector ,No,1300000,No,2017,8540,Burkina Faso,Intermediate,Clear,5.0,Guide,Poles,Leisure,Minor Injury,4.0
93,Everest Advanced Base Camp Trek from Tibet,1499.0,18,Moderate,6340,Guesthouse,Jan - May & Sept - Dec,2023-03-28,Others,28,Private Sector ,Yes,550000,No,2016,5910,Panama,Beginner,Rainy,8.0,No Guide,Poles,Adventure,Altitude Sickness,3.0
94,Everest Advanced Base Camp Trek from Tibet,1499.0,18,Moderate,6340,Guesthouse,Jan - May & Sept - Dec,2022-06-28,Others,31,Private Sector ,Yes,500000,No,2017,4980,Moldoba,Beginner,Cloudy,6.0,No Guide,Poles,Adventure,Minor Injury,3.5
95,Everest Base Camp Heli Shuttle Trek,2000.0,12,Moderate,5545,Guesthouse,March - May & Sept - Dec,2021-01-25,Female,34,Private Sector ,Yes,500000,No,2017,80,Albania,Advanced,Snowy,12.0,Guide,Oxygen,Charity,Minor Injury,5.0
96,Everest Base Camp Heli Trek,3600.0,9,Moderate,5545,Guesthouse,Jan - May & Sept - Dec,2022-01-15,Others,28,Private Sector ,Yes,1100000,No,2016,7480,Swaji Land,Intermediate,Clear,10.0,Guide,Poles,Leisure,Minor Injury,4.5
97,Everest Base Camp Heli Trek,3600.0,9,Moderate,5545,Guesthouse,Jan - May & Sept - Dec,2021-07-03,Male,34,Private Sector ,Yes,1300000,No,2016,1000,Bulgaria,Advanced,Snowy,12.0,Guide,Oxygen,Charity,Minor Injury,5.0
98,Everest Base Camp Heli Trek,3300.0,11,Moderate,5545,Guesthouse,March - May & Sept - Dec,2022-01-28,Others,28,Private Sector ,Yes,700000,No,2017,120,Algeria,Intermediate,Clear,5.0,Guide,Poles,Leisure,Minor Injury,4.0
99,Everest Base Camp Heli Trek,3600.0,9,Moderate,5545,Guesthouse,Jan - May & Sept - Dec,2020-12-04,Female,31,Government Sector,No,400000,No,2017,3480,Hungary,Beginner,Cloudy,6.0,No Guide,Poles,Adventure,Minor Injury,3.5
100,Everest Base Camp Heli Trek,3600.0,9,Moderate,5545,Guesthouse,Jan - May & Sept - Dec,2021-10-28,Female,25,Private Sector ,No,600000,Yes,2017,6700,St. Vincent,Intermediate,Clear,5.0,Guide,Poles,Leisure,Minor Injury,4.0
101,Everest Base Camp Heli Trek,3600.0,9,Moderate,5545,Guesthouse,Jan - May & Sept - Dec,2022-02-17,Female,27,Government Sector,Yes,850000,No,2016,4220,Lebanon,Beginner,Snowy,12.0,Guide,Poles,Adventure,Minor Injury,5.0
102,Everest Base Camp Luxury Lodge Trek,1499.0,15,Moderate,5545,Guesthouse,Jan - May & Sept - Dec,2023-04-02,Others,29,Private Sector ,Yes,350000,No,2016,2500,France,Beginner,Cloudy,6.0,No Guide,Poles,Adventure,Minor Injury,3.5
103,Everest Base Camp Luxury Lodge Trek,1499.0,15,Moderate,5545,Guesthouse,Jan - May & Sept - Dec,2020-11-12,Others,28,Private Sector ,Yes,600000,No,2016,5840,Marshall,Intermediate,Clear,5.0,Guide,Poles,Leisure,Minor Injury,4.0
104,Everest Base Camp Luxury Lodge Trek,1499.0,15,Moderate,5545,Guesthouse,Jan - May & Sept - Dec,2020-01-03,Male,28,Private Sector ,Yes,1150000,No,2017,4840,Mexico,Beginner,Rainy,8.0,No Guide,Poles,Adventure,Altitude Sickness,3.0
105,Everest Base Camp Luxury Lodge Trek,1499.0,15,Moderate,5545,Guesthouse,Jan - May & Sept - Dec,2020-03-12,Female,27,Government Sector,Yes,900000,No,2017,8260,British,Beginner,Clear,12.0,Guide,Poles,Adventure,Minor Injury,5.0
106,Everest Base Camp Luxury Lodge Trek,1499.0,15,Moderate,5545,Guesthouse,Jan - May & Sept - Dec,2020-01-19,Male,26,Private Sector ,Yes,1500000,Yes,2017,1800,Congo Democratic Republic,Advanced,Snowy,12.0,Guide,Oxygen,Charity,Minor Injury,5.0
107,Everest Base Camp Short Trek,1295.0,14,Moderate,5545,Guesthouse,March - May & Sept - Dec,2021-09-04,Female,31,Private Sector ,Yes,1250000,No,2017,40,Afghanistan,Beginner,Clear,12.0,Guide,Poles,Adventure,Minor Injury,5.0
108,Everest Base Camp Short Trek,1499.0,14,Moderate,5545,Guesthouse,Jan - May & Sept - Dec,2022-05-08,Female,33,Private Sector ,Yes,1500000,Yes,2017,1700,Columbia,Beginner,Cloudy,6.0,No Guide,Poles,Adventure,Minor Injury,3.5
109,Everest Base Camp Short Trek,1499.0,14,Moderate,5545,Guesthouse,Jan - May & Sept - Dec,2020-05-31,Others,28,Private Sector ,Yes,1100000,No,2016,2390,Georgia,Beginner,Rainy,8.0,No Guide,Poles,Adventure,Altitude Sickness,3.0
110,Everest Base Camp Short Trek,1499.0,14,Moderate,5545,Guesthouse,Jan - May & Sept - Dec,2021-04-10,Male,28,Private Sector ,Yes,800000,No,2016,5660,Nigeria,Intermediate,Clear,10.0,Guide,Poles,Leisure,Minor Injury,4.5
111,Everest Base Camp Short Trek,1499.0,14,Moderate,5545,Guesthouse,Jan - May & Sept - Dec,2022-09-24,Others,28,Private Sector ,Yes,650000,No,2017,8040,Ukraine,Advanced,Snowy,12.0,Guide,Oxygen,Charity,Minor Injury,5.0
112,Everest Base Camp Short Trek,1499.0,14,Moderate,5545,Guesthouse,Jan - May & Sept - Dec,2023-04-05,Others,29,Private Sector ,Yes,900000,Yes,2017,4700,Malta,Intermediate,Clear,5.0,Guide,Poles,Leisure,Minor Injury,4.0
113,Everest Base Camp Trek,1450.0,16,Moderate,5545,Guesthouse,Jan - May & Sept - Dec,2023-03-31,Others,25,Private Sector ,Yes,1400000,No,2017,6420,Romania,Intermediate,Clear,5.0,Guide,Poles,Leisure,Minor Injury,4.0
114,Everest Base Camp Trek,1420.0,16,Moderate,5545,Guesthouse,March - May & Sept - Dec,2022-09-13,Others,31,Government Sector,Yes,400000,No,2017,0,Nepal,Intermediate,Clear,10.0,Guide,Poles,Leisure,Minor Injury,4.5
115,Everest Base Camp Trek,1450.0,16,Moderate,5545,Guesthouse,Jan - May & Sept - Dec,2022-11-15,Female,31,Government Sector,Yes,1300000,No,2016,7160,Zimbabwe,Beginner,Clear,12.0,Guide,Poles,Adventure,Minor Injury,5.0
116,Everest Base Camp Trek,1450.0,16,Moderate,5545,Guesthouse,Jan - May & Sept - Dec,2023-06-07,Others,28,Private Sector ,Yes,1200000,No,2016,720,Botwana,Advanced,Snowy,12.0,Guide,Oxygen,Charity,Minor Injury,5.0
117,Everest Base Camp Trek,1450.0,16,Moderate,5545,Guesthouse,Jan - May & Sept - Dec,2020-03-22,Female,32,Government Sector,Yes,350000,No,2016,4080,north korea,Beginner,Rainy,8.0,No Guide,Poles,Adventure,Altitude Sickness,3.0
118,Everest Base Camp Trek,1450.0,16,Moderate,5545,Guesthouse,Jan - May & Sept - Dec,2023-04-28,Others,28,Private Sector ,Yes,700000,No,2017,3320,Haiti,Beginner,Cloudy,6.0,No Guide,Poles,Adventure,Minor Injury,3.5
119,Everest Base Camp Trek for Seniors,1800.0,20,Moderate,5545,Guesthouse,March - May & Sept - Dec,2021-10-21,Others,28,Private Sector ,Yes,700000,Yes,2017,200,Andra,Beginner,Cloudy,6.0,No Guide,Poles,Adventure,Minor Injury,3.5
120,Everest Base Camp Trek for Youths,1750.0,14,Moderate,5545,Guesthouse,Jan - May & Sept - Dec,2023-04-07,Female,30,Private Sector ,No,800000,No,2017,4660,Mari,Advanced,Snowy,12.0,Guide,Oxygen,Charity,Minor Injury,5.0
121,Everest Base Camp Trek for Youths,1750.0,14,Moderate,5545,Guesthouse,Jan - May & Sept - Dec,2020-09-09,Male,28,Private Sector ,Yes,500000,No,2017,8000,Uganda,Beginner,Rainy,8.0,No Guide,Poles,Adventure,Altitude Sickness,3.0
122,Everest Base Camp Trek for Youths,1750.0,14,Moderate,5545,Guesthouse,Jan - May & Sept - Dec,2023-07-31,Male,26,Private Sector ,Yes,1400000,No,2016,2330,Estonia,Intermediate,Clear,10.0,Guide,Poles,Leisure,Minor Injury,4.5
123,Everest Base Camp Trek for Youths,1750.0,14,Moderate,5545,Guesthouse,Jan - May & Sept - Dec,2020-09-17,Female,29,Private Sector ,Yes,1050000,No,2016,5620,Nigail,Beginner,Cloudy,6.0,No Guide,Poles,Adventure,Minor Injury,3.5
124,Everest Base Camp Trek for Youths,1750.0,14,Moderate,5545,Guesthouse,Jan - May & Sept - Dec,2020-08-27,Female,34,Government Sector,Yes,1100000,No,2017,1580,Taiwan,Intermediate,Clear,5.0,Guide,Poles,Leisure,Minor Injury,4.0
125,Everest Base Camp Trek via Gokyo Lake,1530.0,19,Moderate,5545,Guesthouse,Jan - May & Sept - Dec,2022-01-27,Others,29,Private Sector ,Yes,1200000,No,2017,6590,St. Christopher Navis,Beginner,Rainy,8.0,No Guide,Poles,Adventure,Altitude Sickness,3.0
126,Everest Base Camp Trek via Gokyo Lake,1530.0,19,Moderate,5545,Guesthouse,Jan - May & Sept - Dec,2022-01-01,Others,31,Government Sector,No,400000,No,2017,3441,Hong Kong DI,Advanced,Snowy,12.0,Guide,Oxygen,Charity,Minor Injury,5.0
127,Everest Base Camp Trek via Gokyo Lake,1530.0,19,Moderate,5545,Guesthouse,Jan - May & Sept - Dec,2022-11-04,Female,31,Private Sector ,Yes,1250000,No,2016,900,Solomon,Intermediate,Clear,10.0,Guide,Poles,Leisure,Minor Injury,4.5
128,Everest Base Camp Trek via Gokyo Lake,1530.0,19,Moderate,5545,Guesthouse,Jan - May & Sept - Dec,2020-09-18,Others,28,Private Sector ,Yes,900000,Yes,2016,7290,Sudan,Intermediate,Clear,5.0,Guide,Poles,Leisure,Minor Injury,4.0
129,Everest Base Camp Trek via Gokyo Lake,1530.0,19,Moderate,5545,Guesthouse,Jan - May & Sept - Dec,2021-05-07,Female,27,Private Sector ,No,450000,No,2016,4170,Kyrgyzstan,Beginner,Clear,12.0,Guide,Poles,Adventure,Minor Injury,5.0
130,Everest Base Camp Trek via Gokyo Lakes and Cho La Pass,1499.0,18,Moderate,5545,Guesthouse,Jan - May & Sept - Dec,2022-08-31,Female,29,Private Sector ,Yes,1050000,No,2016,5850,Palao,Beginner,Cloudy,6.0,No Guide,Poles,Adventure,Minor Injury,3.5
131,Everest Base Camp Trek via Gokyo Lakes and Cho La Pass,1499.0,18,Moderate,5545,Guesthouse,Jan - May & Sept - Dec,2022-11-19,Others,27,Government Sector,Yes,850000,Yes,2016,2620,Jibuti,Intermediate,Clear,10.0,Guide,Poles,Leisure,Minor Injury,4.5
132,Everest Base Camp Trek via Gokyo Lakes and Cho La Pass,1499.0,18,Moderate,5545,Guesthouse,Jan - May & Sept - Dec,2020-05-31,Others,30,Private Sector ,No,650000,No,2017,8340,Tanzania,Beginner,Rainy,8.0,No Guide,Poles,Adventure,Altitude Sickness,3.0
133,Everest Base Camp Trek via Gokyo Lakes and Cho La Pass,1499.0,18,Moderate,5545,Guesthouse,Jan - May & Sept - Dec,2020-01-17,Female,31,Government Sector,Yes,400000,No,2017,4920,Monaco,Advanced,Snowy,12.0,Guide,Oxygen,Charity,Minor Injury,5.0
134,Everest Base Camp Trek via Gokyo Lakes and Cho La Pass,1499.0,18,Moderate,5545,Guesthouse,Jan - May & Sept - Dec,2022-02-07,Others,28,Private Sector ,Yes,1200000,Yes,2017,1880,Costa Rica,Intermediate,Clear,5.0,Guide,Poles,Leisure,Minor Injury,4.0
135,Everest Base Camp Trek with Chola and Renjo La Pass,1900.0,21,Difficult,5545,Guesthouse,March - May & Sept - Nov,2022-03-03,Male,32,Government Sector,Yes,850000,No,2017,480,Barrane,Advanced,Snowy,12.0,Guide,Oxygen,Charity,Minor Injury,5.0
136,Everest Base Camp Trek,1499.0,16,Moderate,5545,Guesthouse,Jan - May & Sept - Dec,2020-07-22,Male,29,Private Sector ,Yes,500000,No,2017,4780,Mauritania,Beginner,Cloudy,6.0,No Guide,Poles,Adventure,Minor Injury,3.5
137,Everest Base Camp Trek,1499.0,16,Moderate,5545,Guesthouse,Jan - May & Sept - Dec,2020-10-29,Others,26,Private Sector ,Yes,750000,No,2016,2420,Fiji,Advanced,Snowy,12.0,Guide,Oxygen,Charity,Minor Injury,5.0
138,Everest Base Camp Trek,1499.0,16,Moderate,5545,Guesthouse,Jan - May & Sept - Dec,2022-01-05,Male,32,Government Sector,Yes,350000,No,2016,5780,Norway,Beginner,Rainy,8.0,No Guide,Poles,Adventure,Altitude Sickness,3.0
139,Everest Base Camp Trek,1499.0,16,Moderate,5545,Guesthouse,Jan - May & Sept - Dec,2021-02-22,Male,26,Government Sector,Yes,500000,No,2017,8070,Former Macedonia Yugoslavia Republic,Intermediate,Clear,5.0,Guide,Poles,Leisure,Minor Injury,4.0
140,Everest Base Camp Trek,1499.0,16,Moderate,5545,Guesthouse,Jan - May & Sept - Dec,2020-06-11,Others,25,Private Sector ,Yes,1400000,Yes,2017,1740,Komoro,Intermediate,Clear,10.0,Guide,Poles,Leisure,Minor Injury,4.5
141,Everest Chola Pass Trek,1720.0,19,Difficult,5545,Guesthouse,March - May & Sept - Dec,2022-01-25,Others,25,Private Sector ,No,1150000,No,2017,240,Angola,Intermediate,Clear,10.0,Guide,Poles,Leisure,Minor Injury,4.5
142,Everest High Passes Trek,1950.0,22,Difficult,5545,Guesthouse,April - May & Sept - Nov,2021-01-04,Others,31,Private Sector ,Yes,1350000,Yes,2017,310,Azerbaijan,Advanced,Snowy,12.0,Guide,Oxygen,Charity,Minor Injury,5.0
143,Everest High Passes Trek,1499.0,20,Moderate,5546,Guesthouse,Jan - May & Sept - Dec,2020-07-08,Female,31,Private Sector ,Yes,1250000,No,2017,2180,Ecuador,Beginner,Rainy,12.0,Guide,Poles,Adventure,Minor Injury,5.0
144,Everest High Passes Trek,1499.0,20,Moderate,5546,Guesthouse,Jan - May & Sept - Dec,2022-01-15,Male,27,Government Sector,Yes,1050000,No,2017,9010,Kosovo,Beginner,Snowy,12.0,Guide,Poles,Adventure,Minor Injury,5.0
145,Everest High Passes Trek,1499.0,20,Moderate,5546,Guesthouse,Jan - May & Sept - Dec,2022-06-29,Female,32,Government Sector,Yes,800000,Yes,2017,5240,Nepal,Beginner,Rainy,8.0,No Guide,Poles,Adventure,Altitude Sickness,3.0
146,Everest High Passes Trek,1499.0,20,Moderate,5546,Guesthouse,Jan - May & Sept - Dec,2022-03-24,Others,32,Government Sector,Yes,850000,No,2016,3200,Guatemala,Beginner,Clear,12.0,Guide,Poles,Adventure,Minor Injury,5.0
147,Everest High Passes Trek,1499.0,20,Moderate,5546,Guesthouse,Jan - May & Sept - Dec,2020-11-26,Others,31,Private Sector ,Yes,1400000,No,2016,6240,Guinea Visau,Beginner,Clear,12.0,Guide,Poles,Adventure,Minor Injury,5.0
148,Everest Kalapathar Trekking,1390.0,15,Moderate,5545,Guesthouse,Jan - May & Sept - Dec,2021-08-14,Others,28,Private Sector ,Yes,800000,No,2017,6430,Russia,Beginner,Cloudy,6.0,No Guide,Poles,Adventure,Minor Injury,3.5
149,Everest Kalapathar Trekking,1390.0,15,Moderate,5545,Guesthouse,Jan - May & Sept - Dec,2020-09-16,Others,34,Private Sector ,Yes,1300000,No,2017,3400,Honduras,Intermediate,Clear,10.0,Guide,Poles,Leisure,Minor Injury,4.5
150,Everest Kalapathar Trekking,1390.0,15,Moderate,5545,Guesthouse,Jan - May & Sept - Dec,2022-03-17,Others,35,Private Sector ,No,800000,No,2016,4100,South Korea,Advanced,Snowy,12.0,Guide,Oxygen,Charity,Minor Injury,5.0
151,Everest Kalapathar Trekking,1390.0,15,Moderate,5545,Guesthouse,Jan - May & Sept - Dec,2020-03-25,Others,30,Private Sector ,No,650000,No,2016,760,Brazil,Intermediate,Clear,5.0,Guide,Poles,Leisure,Minor Injury,4.0
152,Everest Kalapathar Trekking,1390.0,15,Moderate,5545,Guesthouse,Jan - May & Sept - Dec,2020-09-24,Others,27,Government Sector,Yes,900000,No,2016,7240,Spain,Beginner,Clear,12.0,Guide,Poles,Adventure,Minor Injury,5.0
153,Everest Kangshung Face Trek,1499.0,21,Difficult,5320,Guesthouse,Jan - May & Sept - Dec,2023-01-18,Others,34,Private Sector ,Yes,500000,No,2016,6740,Sun Marino,Advanced,Snowy,12.0,Guide,Oxygen,Charity,Minor Injury,5.0
154,Everest Kangshung Face Trek,1499.0,21,Difficult,5320,Guesthouse,Jan - May & Sept - Dec,2020-12-31,Others,25,Private Sector ,No,1700000,Yes,2016,310,Azerbaijan,Beginner,Cloudy,6.0,No Guide,Poles,Adventure,Minor Injury,3.5
155,Everest Kangshung Face Trek,1499.0,21,Difficult,5320,Guesthouse,Jan - May & Sept - Dec,2021-10-11,Others,32,Government Sector,Yes,800000,Yes,2017,2500,France,Beginner,Rainy,8.0,No Guide,Poles,Adventure,Altitude Sickness,3.0
156,Everest Kangshung Face Trek,1499.0,21,Difficult,5320,Guesthouse,Jan - May & Sept - Dec,2020-11-29,Others,26,Private Sector ,Yes,600000,Yes,2016,3520,Iceland,Intermediate,Clear,5.0,Guide,Poles,Leisure,Minor Injury,4.0
157,Everest Kangshung Face Trek,1499.0,21,Difficult,5320,Guesthouse,Jan - May & Sept - Dec,2022-10-28,Others,28,Private Sector ,Yes,800000,No,2017,5840,Marshall,Intermediate,Clear,10.0,Guide,Poles,Leisure,Minor Injury,4.5
158,Everest Panorama Trek,1040.0,10,Easy,3860,Guesthouse,Jan - May & Sept - Dec,2022-02-21,Male,31,Private Sector ,Yes,1100000,Yes,2016,840,Belize,Beginner,Cloudy,6.0,No Guide,Poles,Adventure,Minor Injury,3.5
159,Everest Panorama Trek,1040.0,10,Easy,3860,Guesthouse,Jan - May & Sept - Dec,2022-05-03,Others,28,Private Sector ,Yes,650000,No,2017,6460,Rwanda,Intermediate,Clear,10.0,Guide,Poles,Leisure,Minor Injury,4.5
160,Everest Panorama Trek,1040.0,10,Easy,3860,Guesthouse,Jan - May & Sept - Dec,2020-10-11,Female,25,Private Sector ,No,1700000,Yes,2016,4140,Kuwait,Intermediate,Clear,5.0,Guide,Poles,Leisure,Minor Injury,4.0
161,Everest Panorama Trek,1040.0,10,Easy,3860,Guesthouse,Jan - May & Sept - Dec,2021-05-18,Female,29,Private Sector ,Yes,350000,No,2016,7280,South Sudan,Advanced,Snowy,12.0,Guide,Oxygen,Charity,Minor Injury,5.0
162,Everest Panorama Trek,1040.0,10,Easy,3860,Guesthouse,Jan - May & Sept - Dec,2023-03-24,Others,29,Private Sector ,Yes,1200000,No,2017,3440,China (Hong Kong),Beginner,Rainy,8.0,No Guide,Poles,Adventure,Altitude Sickness,3.0
163,Everest Panorama Trek,1150.0,10,Easy,3860,Guesthouse,Jan - May & Sept - Dec,2020-01-31,Female,33,Government Sector,Yes,800000,Yes,2017,360,Australia,Beginner,Cloudy,6.0,No Guide,Poles,Adventure,Minor Injury,3.5
164,Everest View Trek,1100.0,9,Easy,3860,Guesthouse,Jan - May & Sept - Dec,2020-10-11,Others,31,Government Sector,Yes,400000,No,2017,400,Austria,Intermediate,Clear,10.0,Guide,Poles,Leisure,Minor Injury,4.5
165,Everest View Trek,1499.0,12,Easy,3870,Guesthouse,Jan - May & Sept - Dec,2022-12-07,Others,31,Private Sector ,Yes,950000,Yes,2016,6340,Qatar,Intermediate,Clear,10.0,Guide,Poles,Leisure,Minor Injury,4.5
166,Everest View Trek,1499.0,12,Easy,3870,Guesthouse,Jan - May & Sept - Dec,2023-08-07,Female,28,Private Sector ,Yes,600000,No,2016,0,Nepal,Advanced,Snowy,12.0,Guide,Oxygen,Charity,Minor Injury,5.0
167,Everest View Trek,1499.0,12,Easy,3870,Guesthouse,Jan - May & Sept - Dec,2021-01-21,Female,29,Private Sector ,Yes,1200000,No,2017,2260,Equatorial guinea,Beginner,Cloudy,6.0,No Guide,Poles,Adventure,Minor Injury,3.5
168,Everest View Trek,1499.0,12,Easy,3870,Guesthouse,Jan - May & Sept - Dec,2020-07-06,Female,29,Private Sector ,Yes,1050000,No,2016,3280,Gaiana,Beginner,Rainy,8.0,No Guide,Poles,Adventure,Altitude Sickness,3.0
169,Everest View Trek,1499.0,12,Easy,3870,Guesthouse,Jan - May & Sept - Dec,2021-12-02,Others,31,Private Sector ,Yes,1350000,No,2017,5480,Vanuatsu,Intermediate,Clear,5.0,Guide,Poles,Leisure,Minor Injury,4.0
170,Ghorepani Poon Hill Trek,450.0,10,Easy,3210,Guesthouse,Jan - May & Sept - Dec,2023-03-08,Others,28,Private Sector ,Yes,1250000,No,2017,3600,Indonesia,Advanced,Snowy,12.0,Guide,Oxygen,Charity,Minor Injury,5.0
171,Ghorepani Poon Hill Trek,450.0,10,Easy,3210,Guesthouse,Jan - May & Sept - Dec,2022-12-21,Others,34,Private Sector ,Yes,1050000,No,2016,4300,Liberia,Beginner,Cloudy,6.0,No Guide,Poles,Adventure,Minor Injury,3.5
172,Ghorepani Poon Hill Trek,450.0,10,Easy,3210,Guesthouse,Jan - May & Sept - Dec,2020-04-26,Male,29,Private Sector ,Yes,900000,Yes,2016,1120,Belarus,Intermediate,Clear,10.0,Guide,Poles,Leisure,Minor Injury,4.5
173,Ghorepani Poon Hill Trek,450.0,10,Easy,3210,Guesthouse,Jan - May & Sept - Dec,2022-08-09,Male,25,Private Sector ,Yes,1700000,Yes,2016,7600,Syria,Intermediate,Clear,5.0,Guide,Poles,Leisure,Minor Injury,4.0
174,Ghorepani Poon Hill Trek,450.0,10,Easy,3210,Guesthouse,Jan - May & Sept - Dec,2021-08-22,Female,28,Private Sector ,Yes,900000,Yes,2017,6820,Saudi Arabia,Beginner,Rainy,8.0,No Guide,Poles,Adventure,Altitude Sickness,3.0
175,Gokyo Lake Renjo La Pass Trek,1450.0,16,Moderate,5360,Guesthouse,March - May & Sept - Dec.,2022-08-07,Male,31,Government Sector,Yes,1300000,No,2017,280,Antigua Berbuda,Beginner,Rainy,12.0,Guide,Poles,Adventure,Minor Injury,5.0
176,Gokyo Lake Trek,1190.0,13,Moderate,5357,Guesthouse,Jan - May & Sept - Dec,2020-04-17,Others,32,Government Sector,Yes,900000,No,2016,4180,Laos,Intermediate,Clear,10.0,Guide,Poles,Leisure,Minor Injury,4.5
177,Gokyo Lake Trek,1190.0,13,Moderate,5357,Guesthouse,Jan - May & Sept - Dec,2020-06-13,Male,34,Government Sector,Yes,1300000,No,2016,960,Brunei,Beginner,Rainy,8.0,No Guide,Poles,Adventure,Altitude Sickness,3.0
178,Gokyo Lake Trek,1190.0,13,Moderate,5357,Guesthouse,Jan - May & Sept - Dec,2020-07-09,Female,31,Government Sector,Yes,1300000,No,2017,3442,Hong Kong SAR,Intermediate,Clear,5.0,Guide,Poles,Leisure,Minor Injury,4.0
179,Gokyo Lake Trek,1190.0,13,Moderate,5357,Guesthouse,Jan - May & Sept - Dec,2021-12-07,Male,28,Private Sector ,Yes,1200000,Yes,2017,6620,St. Lucia,Advanced,Snowy,12.0,Guide,Oxygen,Charity,Minor Injury,5.0
180,Gokyo Lake Trek,1190.0,13,Moderate,5357,Guesthouse,Jan - May & Sept - Dec,2022-04-10,Others,28,Government Sector,Yes,600000,No,2016,7400,Slinum,Beginner,Cloudy,6.0,No Guide,Poles,Adventure,Minor Injury,3.5
181,Gokyo Lakes and Gokyo Ri Trek,1499.0,14,Moderate,5357,Guesthouse,Jan - May & Sept - Dec,2020-03-24,Female,34,Private Sector ,Yes,500000,No,2016,2750,Palestine,Intermediate,Clear,5.0,Guide,Poles,Leisure,Minor Injury,4.0
182,Gokyo Lakes and Gokyo Ri Trek,1499.0,14,Moderate,5357,Guesthouse,Jan - May & Sept - Dec,2023-03-04,Others,33,Government Sector,Yes,1100000,No,2017,8580,Uruguay,Beginner,Cloudy,6.0,No Guide,Poles,Adventure,Minor Injury,3.5
183,Gokyo Lakes and Gokyo Ri Trek,1499.0,14,Moderate,5357,Guesthouse,Jan - May & Sept - Dec,2022-07-19,Others,28,Private Sector ,Yes,800000,No,2017,4990,Montenegro,Intermediate,Clear,10.0,Guide,Poles,Leisure,Minor Injury,4.5
184,Gokyo Lakes and Gokyo Ri Trek,1499.0,14,Moderate,5357,Guesthouse,Jan - May & Sept - Dec,2023-05-23,Female,25,Private Sector ,Yes,1400000,No,2017,1960,Cyprus,Beginner,Rainy,8.0,No Guide,Poles,Adventure,Altitude Sickness,3.0
185,Gokyo Lakes and Gokyo Ri Trek,1499.0,14,Moderate,5357,Guesthouse,Jan - May & Sept - Dec,2023-04-24,Female,28,Private Sector ,Yes,1100000,No,2016,5980,Papua New Guinea,Advanced,Snowy,12.0,Guide,Oxygen,Charity,Minor Injury,5.0
186,Helambu Trek,780.0,9,Easy,3650,Guesthouse,Jan - May & Sept- Dec,2021-09-20,Others,29,Private Sector ,Yes,900000,Yes,2016,2310,Ethiopia,Intermediate,Clear,5.0,Guide,Poles,Leisure,Minor Injury,4.0
187,Helambu Trek,780.0,9,Easy,3650,Guesthouse,Jan - May & Sept- Dec,2020-01-24,Male,31,Government Sector,No,300000,No,2017,1520,Chile,Beginner,Rainy,8.0,No Guide,Poles,Adventure,Altitude Sickness,3.0
188,Helambu Trek,780.0,9,Easy,3650,Guesthouse,Jan - May & Sept- Dec,2020-01-25,Others,31,Private Sector ,Yes,1650000,Yes,2016,5540,new zealand,Advanced,Snowy,12.0,Guide,Oxygen,Charity,Minor Injury,5.0
189,Helambu Trek,780.0,9,Easy,3650,Guesthouse,Jan - May & Sept- Dec,2022-06-10,Male,31,Government Sector,Yes,400000,No,2017,4580,Malaysia,Intermediate,Clear,10.0,Guide,Poles,Leisure,Minor Injury,4.5
190,Helambu Trek,780.0,9,Easy,3650,Guesthouse,Jan - May & Sept- Dec,2023-06-17,Others,25,Government Sector,Yes,750000,No,2017,7950,Torque menistan,Beginner,Cloudy,6.0,No Guide,Poles,Adventure,Minor Injury,3.5
191,Instant Annapurna Base Camp Trek,980.0,9,Moderate,4230,Guesthouse,March - May & Sept - Dec.,2022-10-01,Male,32,Government Sector,Yes,350000,No,2017,7040,Vietnam,Intermediate,Clear,5.0,Guide,Poles,Leisure,Minor Injury,4.0
192,Instant Annapurna Base Camp Trek,980.0,9,Moderate,4230,Guesthouse,March - May & Sept - Dec.,2022-12-18,Others,34,Private Sector ,Yes,1500000,Yes,2016,4500,Madagascar,Beginner,Rainy,8.0,No Guide,Poles,Adventure,Altitude Sickness,3.0
193,Instant Annapurna Base Camp Trek,980.0,9,Moderate,4230,Guesthouse,March - May & Sept - Dec.,2022-11-22,Male,28,Government Sector,Yes,300000,No,2017,3880,Jamaica,Beginner,Cloudy,6.0,No Guide,Poles,Adventure,Minor Injury,3.5
194,Instant Annapurna Base Camp Trek,980.0,9,Moderate,4230,Guesthouse,March - May & Sept - Dec.,2023-08-21,Male,34,Private Sector ,Yes,700000,No,2017,520,Barbados,Intermediate,Clear,10.0,Guide,Poles,Leisure,Minor Injury,4.5
195,Instant Annapurna Base Camp Trek,980.0,9,Moderate,4230,Guesthouse,March - May & Sept - Dec.,2022-11-30,Male,30,Private Sector ,No,500000,No,2016,1480,Chad,Advanced,Snowy,12.0,Guide,Oxygen,Charity,Minor Injury,5.0
196,Kanchenjunga Circuit Trek,1499.0,25,Moderate,5143,Guesthouse,Jan - May & Sept - Dec,2021-10-15,Others,28,Government Sector,Yes,300000,No,2017,2220,El Salvador,Intermediate,Clear,5.0,Guide,Poles,Leisure,Minor Injury,4.0
197,Kanchenjunga Circuit Trek,1499.0,25,Moderate,5143,Guesthouse,Jan - May & Sept - Dec,2022-10-27,Female,26,Private Sector ,Yes,1400000,No,2016,3240,Guinea,Intermediate,Clear,10.0,Guide,Poles,Leisure,Minor Injury,4.5
198,Kanchenjunga Circuit Trek,1499.0,25,Moderate,5143,Guesthouse,Jan - May & Sept - Dec,2022-07-04,Female,28,Private Sector ,Yes,500000,No,2016,6260,East Timor Democratic Republic,Beginner,Cloudy,6.0,No Guide,Poles,Adventure,Minor Injury,3.5
199,Kanchenjunga Circuit Trek,1499.0,25,Moderate,5143,Guesthouse,Jan - May & Sept - Dec,2022-10-10,Male,31,Private Sector ,Yes,1400000,No,2017,9990,Nepal,Beginner,Rainy,8.0,No Guide,Poles,Adventure,Altitude Sickness,3.0
200,Kanchenjunga Circuit Trek,1499.0,25,Moderate,5143,Guesthouse,Jan - May & Sept - Dec,2020-11-01,Others,27,Government Sector,Yes,750000,No,2017,5280,Netherlands,Advanced,Snowy,12.0,Guide,Oxygen,Charity,Minor Injury,5.0
201,Khopra Ridge Community Trek,1499.0,13,Moderate,4500,Guesthouse,Jan - May & Sept - Dec,2023-01-25,Others,25,Private Sector ,No,1150000,No,2016,6820,Saudi Arabia,Beginner,Cloudy,6.0,No Guide,Poles,Adventure,Minor Injury,3.5
202,Khopra Ridge Community Trek,1499.0,13,Moderate,4500,Guesthouse,Jan - May & Sept - Dec,2023-03-09,Female,27,Government Sector,Yes,500000,No,2017,2660,Gabon,Intermediate,Clear,5.0,Guide,Poles,Leisure,Minor Injury,4.0
203,Khopra Ridge Community Trek,1499.0,13,Moderate,4500,Guesthouse,Jan - May & Sept - Dec,2023-03-19,Others,33,Private Sector ,Yes,750000,No,2016,3600,Indonesia,Intermediate,Clear,10.0,Guide,Poles,Leisure,Minor Injury,4.5
204,Khopra Ridge Community Trek,1499.0,13,Moderate,4500,Guesthouse,Jan - May & Sept - Dec,2022-05-26,Male,27,Private Sector ,No,450000,No,2016,360,Australia,Beginner,Rainy,8.0,No Guide,Poles,Adventure,Altitude Sickness,3.0
205,Khopra Ridge Community Trek,1499.0,13,Moderate,4500,Guesthouse,Jan - May & Sept - Dec,2023-02-16,Others,29,Private Sector ,Yes,600000,Yes,2017,5860,Pakistan,Advanced,Snowy,12.0,Guide,Oxygen,Charity,Minor Injury,5.0
206,Langtang Gosaikunda Trek,1180.0,16,Easy,4600,Guesthouse,March - May & Sept - Dec,2020-01-04,Others,34,Private Sector ,Yes,1500000,Yes,2016,2180,Ecuador,Intermediate,Clear,10.0,Guide,Poles,Leisure,Minor Injury,4.5
207,Langtang Gosaikunda Trek,1180.0,16,Easy,4600,Guesthouse,March - May & Sept - Dec,2023-03-01,Female,26,Private Sector ,Yes,1300000,No,2017,7840,United Arab Emirates,Beginner,Rainy,8.0,No Guide,Poles,Adventure,Altitude Sickness,3.0
208,Langtang Gosaikunda Trek,1180.0,16,Easy,4600,Guesthouse,March - May & Sept - Dec,2021-07-07,Male,34,Private Sector ,Yes,850000,No,2017,4461,Macau travel certificate,Advanced,Snowy,12.0,Guide,Oxygen,Charity,Minor Injury,5.0
209,Langtang Gosaikunda Trek,1180.0,16,Easy,4600,Guesthouse,March - May & Sept - Dec,2020-06-20,Male,28,Private Sector ,Yes,1100000,No,2016,5240,Nepal,Beginner,Cloudy,6.0,No Guide,Poles,Adventure,Minor Injury,3.5
210,Langtang Gosaikunda Trek,1180.0,16,Easy,4600,Guesthouse,March - May & Sept - Dec,2022-04-11,Male,32,Government Sector,Yes,850000,No,2017,1400,Central Africa,Intermediate,Clear,5.0,Guide,Poles,Leisure,Minor Injury,4.0
211,Langtang Valley Trek,750.0,10,Easy,5050,Teahouse,March-May & Sept-Dec,2023-06-19,Others,28,Government Sector,Yes,1200000,No,2016,2140,dominican republic,Beginner,Cloudy,6.0,No Guide,Poles,Adventure,Minor Injury,3.5
212,Langtang Valley Trek,750.0,10,Easy,5050,Teahouse,March-May & Sept-Dec,2021-06-05,Others,28,Private Sector ,Yes,750000,Yes,2017,7800,Republic of Trinidad and Tobago,Intermediate,Clear,10.0,Guide,Poles,Leisure,Minor Injury,4.5
213,Langtang Valley Trek,750.0,10,Easy,5050,Teahouse,March-May & Sept-Dec,2022-08-20,Female,34,Private Sector ,Yes,700000,Yes,2016,5200,Naure,Intermediate,Clear,5.0,Guide,Poles,Leisure,Minor Injury,4.0
214,Langtang Valley Trek,750.0,10,Easy,5050,Teahouse,March-May & Sept-Dec,2022-01-04,Male,34,Private Sector ,Yes,1300000,No,2017,4460,Macau,Beginner,Rainy,8.0,No Guide,Poles,Adventure,Altitude Sickness,3.0
215,Langtang Valley Trek,750.0,10,Easy,5050,Teahouse,March-May & Sept-Dec,2021-10-21,Female,25,Government Sector,Yes,750000,No,2017,1320,Carbo verde,Advanced,Snowy,12.0,Guide,Oxygen,Charity,Minor Injury,5.0
216,Langtang Valley Trek with Ganja la Pass,1499.0,14,Difficult,5122,Guesthouse,Jan - May & Sept - Dec,2023-05-08,Others,25,Private Sector ,Yes,1400000,No,2017,6040,Peru,Beginner,Rainy,8.0,No Guide,Poles,Adventure,Altitude Sickness,3.0
217,Langtang Valley Trek with Ganja la Pass,1499.0,14,Difficult,5122,Guesthouse,Jan - May & Sept - Dec,2021-04-27,Male,34,Private Sector ,Yes,1500000,Yes,2017,2880,Ghana,Advanced,Snowy,12.0,Guide,Oxygen,Charity,Minor Injury,5.0
218,Langtang Valley Trek with Ganja la Pass,1499.0,14,Difficult,5122,Guesthouse,Jan - May & Sept - Dec,2022-03-15,Male,33,Government Sector,Yes,1100000,No,2016,500,Bangladesh,Intermediate,Clear,10.0,Guide,Poles,Leisure,Minor Injury,4.5
219,Langtang Valley Trek with Ganja la Pass,1499.0,14,Difficult,5122,Guesthouse,Jan - May & Sept - Dec,2021-05-25,Others,26,Private Sector ,Yes,500000,No,2016,3760,Israel,Beginner,Cloudy,6.0,No Guide,Poles,Adventure,Minor Injury,3.5
220,Langtang Valley Trek with Ganja la Pass,1499.0,14,Difficult,5122,Guesthouse,Jan - May & Sept - Dec,2021-09-04,Female,34,Government Sector,Yes,1300000,No,2016,6940,Sierra Leone,Intermediate,Clear,5.0,Guide,Poles,Leisure,Minor Injury,4.0
221,Langtang Valley Trekking,690.0,11,Moderate,4773,Guesthouse,Jan - May & Sept - Dec,2022-07-16,Others,31,Government Sector,Yes,1200000,No,2016,1240,Canada,Beginner,Rainy,12.0,Guide,Poles,Adventure,Minor Injury,5.0
222,Langtang Valley Trekking,690.0,11,Moderate,4773,Guesthouse,Jan - May & Sept - Dec,2022-02-05,Male,27,Government Sector,Yes,900000,No,2017,6900,Saechel,Beginner,Cloudy,6.0,No Guide,Poles,Adventure,Minor Injury,3.5
223,Langtang Valley Trekking,690.0,11,Moderate,4773,Guesthouse,Jan - May & Sept - Dec,2023-08-11,Others,28,Private Sector ,Yes,1150000,No,2016,4400,Lithuania,Beginner,Rainy,12.0,Guide,Poles,Adventure,Minor Injury,5.0
224,Langtang Valley Trekking,690.0,11,Moderate,4773,Guesthouse,Jan - May & Sept - Dec,2023-01-17,Female,25,Private Sector ,No,1700000,Yes,2017,3720,Ireland,Intermediate,Clear,10.0,Guide,Poles,Leisure,Minor Injury,4.5
225,Langtang Valley Trekking,690.0,11,Moderate,4773,Guesthouse,Jan - May & Sept - Dec,2021-01-13,Female,29,Private Sector ,Yes,1200000,No,2016,7680,Togo,Beginner,Rainy,8.0,No Guide,Poles,Adventure,Altitude Sickness,3.0
226,Langtang Valley Trek,1499.0,11,Moderate,5000,Guesthouse,Jan - May & Sept - Dec,2023-01-02,Male,35,Government Sector,Yes,900000,No,2016,2960,Kiribass,Beginner,Rainy,8.0,No Guide,Poles,Adventure,Altitude Sickness,3.0
227,Langtang Valley Trek,1499.0,11,Moderate,5000,Guesthouse,Jan - May & Sept - Dec,2022-04-11,Others,29,Private Sector ,Yes,1150000,Yes,2017,8820,Samoa Independent State,Advanced,Snowy,12.0,Guide,Oxygen,Charity,Minor Injury,5.0
228,Langtang Valley Trek,1499.0,11,Moderate,5000,Guesthouse,Jan - May & Sept - Dec,2022-06-11,Others,29,Private Sector ,Yes,1200000,No,2016,6080,Philippines,Intermediate,Clear,10.0,Guide,Poles,Leisure,Minor Injury,4.5
229,Langtang Valley Trek,1499.0,11,Moderate,5000,Guesthouse,Jan - May & Sept - Dec,2021-09-10,Female,31,Private Sector ,Yes,1350000,No,2017,2080,Denmark,Beginner,Cloudy,6.0,No Guide,Poles,Adventure,Minor Injury,3.5
230,Langtang Valley Trek,1499.0,11,Moderate,5000,Guesthouse,Jan - May & Sept - Dec,2021-06-16,Others,27,Government Sector,Yes,850000,No,2017,5120,Oman,Intermediate,Clear,5.0,Guide,Poles,Leisure,Minor Injury,4.0
231,"Langtang, Gosainkunda and Helambu Trek",1499.0,17,Moderate,5000,Guesthouse,Jan - May & Sept - Dec,2021-03-03,Female,25,Private Sector ,No,1150000,No,2016,200,Andra,Beginner,Rainy,8.0,No Guide,Poles,Adventure,Altitude Sickness,3.0
232,"Langtang, Gosainkunda and Helambu Trek",1499.0,17,Moderate,5000,Guesthouse,Jan - May & Sept - Dec,2022-06-14,Others,32,Government Sector,Yes,800000,Yes,2016,3441,Hong Kong DI,Intermediate,Clear,10.0,Guide,Poles,Leisure,Minor Injury,4.5
233,"Langtang, Gosainkunda and Helambu Trek",1499.0,17,Moderate,5000,Guesthouse,Jan - May & Sept - Dec,2022-05-13,Others,25,Private Sector ,No,1150000,No,2016,6590,St. Christopher Navis,Beginner,Clear,12.0,Guide,Poles,Adventure,Minor Injury,5.0
234,"Langtang, Gosainkunda and Helambu Trek",1499.0,17,Moderate,5000,Guesthouse,Jan - May & Sept - Dec,2021-01-01,Male,33,Private Sector ,Yes,1400000,Yes,2017,2390,Georgia,Intermediate,Clear,5.0,Guide,Poles,Leisure,Minor Injury,4.0
235,"Langtang, Gosainkunda and Helambu Trek",1499.0,17,Moderate,5000,Guesthouse,Jan - May & Sept - Dec,2020-10-09,Female,28,Private Sector ,Yes,1100000,No,2017,5660,Nigeria,Advanced,Snowy,12.0,Guide,Oxygen,Charity,Minor Injury,5.0
236,Luxury Everest Base Camp Heli Trek,4200.0,11,Moderate,5545,Teahouse,March-May & Sept-Dec.,2020-11-14,Others,26,Private Sector ,Yes,1400000,Yes,2017,440,Bahamas,Beginner,Rainy,8.0,No Guide,Poles,Adventure,Altitude Sickness,3.0
237,Makalu Base Camp Trek,1499.0,22,Difficult,4870,Guesthouse,Jan - May & Sept - Dec,2020-09-20,Others,34,Private Sector ,Yes,1000000,No,2017,2330,Estonia,Advanced,Snowy,12.0,Guide,Oxygen,Charity,Minor Injury,5.0
238,Makalu Base Camp Trek,1499.0,22,Difficult,4870,Guesthouse,Jan - May & Sept - Dec,2021-12-29,Others,32,Government Sector,Yes,350000,No,2016,3440,China (Hong Kong),Beginner,Cloudy,6.0,No Guide,Poles,Adventure,Minor Injury,3.5
239,Makalu Base Camp Trek,1499.0,22,Difficult,4870,Guesthouse,Jan - May & Sept - Dec,2020-07-14,Others,28,Private Sector ,Yes,750000,No,2017,5620,Nigail,Beginner,Rainy,8.0,No Guide,Poles,Adventure,Altitude Sickness,3.0
240,Makalu Base Camp Trek,1499.0,22,Difficult,4870,Guesthouse,Jan - May & Sept - Dec,2023-07-06,Female,31,Government Sector,No,300000,No,2016,6460,Rwanda,Intermediate,Clear,5.0,Guide,Poles,Leisure,Minor Injury,4.0
241,Makalu Base Camp Trek,1499.0,22,Difficult,4870,Guesthouse,Jan - May & Sept - Dec,2022-12-11,Male,29,Private Sector ,Yes,1150000,No,2016,120,Algeria,Intermediate,Clear,10.0,Guide,Poles,Leisure,Minor Injury,4.5
242,Manaslu Circuit Trek,1450.0,15,Difficult,5106,Guesthouse,March - May & Sept - Nov,2021-07-02,Male,34,Government Sector,Yes,1300000,No,2016,1920,Cuba,Intermediate,Clear,5.0,Guide,Poles,Leisure,Minor Injury,4.0
243,Manaslu Circuit Trek,1190.0,17,Moderate,5220,Guesthouse,Jan - May & Sept - Dec,2023-05-12,Female,34,Private Sector ,Yes,1000000,No,2016,4420,Luxembourg,Beginner,Clear,12.0,Guide,Poles,Adventure,Minor Injury,5.0
244,Manaslu Circuit Trek,1190.0,17,Moderate,5220,Guesthouse,Jan - May & Sept - Dec,2025-05-13,Female,31,Private Sector ,No,1400000,Yes,2017,4560,Nepal,Advanced,Snowy,12.0,Guide,Oxygen,Charity,Minor Injury,5.0
245,Manaslu Circuit Trek,1190.0,17,Moderate,5220,Guesthouse,Jan - May & Sept - Dec,2022-10-24,Female,31,Government Sector,Yes,1200000,No,2017,6940,Sierra Leone,Intermediate,Clear,10.0,Guide,Poles,Leisure,Minor Injury,4.5
246,Manaslu Circuit Trek,1450.0,15,Difficult,5106,Guesthouse,March - May & Sept - Nov,2020-08-17,Others,34,Private Sector ,Yes,700000,Yes,2017,7560,Switzerland,Beginner,Cloudy,6.0,No Guide,Poles,Adventure,Minor Injury,3.5
247,Manaslu Circuit Trek,1190.0,17,Moderate,5220,Guesthouse,Jan - May & Sept - Dec,2022-02-26,Female,34,Private Sector ,Yes,1300000,No,2016,1320,Carbo verde,Beginner,Cloudy,6.0,No Guide,Poles,Adventure,Minor Injury,3.5
248,Manaslu Circuit Trek,1450.0,15,Difficult,5106,Guesthouse,March - May & Sept - Nov,2020-11-24,Female,28,Private Sector ,Yes,750000,No,2016,4980,Moldoba,Advanced,Snowy,12.0,Guide,Oxygen,Charity,Minor Injury,5.0
249,Manaslu Circuit Trek,1190.0,17,Moderate,5220,Guesthouse,Jan - May & Sept - Dec,2023-01-11,Male,32,Government Sector,Yes,900000,No,2017,3760,Israel,Beginner,Rainy,8.0,No Guide,Poles,Adventure,Altitude Sickness,3.0
250,Manaslu Circuit Trek,1450.0,15,Difficult,5106,Guesthouse,March - May & Sept - Nov,2021-09-07,Male,28,Private Sector ,Yes,1300000,No,2017,4280,Latvia,Intermediate,Clear,10.0,Guide,Poles,Leisure,Minor Injury,4.5
251,Manaslu Circuit Trek,1450.0,15,Difficult,5106,Guesthouse,March - May & Sept - Nov,2023-04-01,Male,34,Private Sector ,No,1300000,Yes,2017,1040,Myanmar,Beginner,Rainy,8.0,No Guide,Poles,Adventure,Altitude Sickness,3.0
252,Manaslu Circuit Trekking,1380.0,14,Moderate,5220,Teahouse,March - May & Setpt - Nov,2020-10-06,Others,28,Private Sector ,Yes,1250000,Yes,2017,1080,Brush,Advanced,Snowy,12.0,Guide,Oxygen,Charity,Minor Injury,5.0
253,Manaslu Circuit Trekking,1380.0,14,Moderate,5220,Teahouse,March - May & Setpt - Nov,2021-08-30,Male,28,Private Sector ,Yes,1150000,No,2016,1960,Cyprus,Beginner,Cloudy,6.0,No Guide,Poles,Adventure,Minor Injury,3.5
254,Manaslu Circuit Trekking,1380.0,14,Moderate,5220,Teahouse,March - May & Setpt - Nov,2023-01-20,Others,30,Private Sector ,No,800000,No,2017,7600,Syria,Intermediate,Clear,10.0,Guide,Poles,Leisure,Minor Injury,4.5
255,Manaslu Circuit Trekking,1380.0,14,Moderate,5220,Teahouse,March - May & Setpt - Nov,2021-08-18,Others,33,Private Sector ,Yes,1500000,Yes,2017,4300,Liberia,Beginner,Rainy,8.0,No Guide,Poles,Adventure,Altitude Sickness,3.0
256,Manaslu Circuit Trekking,1380.0,14,Moderate,5220,Teahouse,March - May & Setpt - Nov,2021-09-18,Male,33,Private Sector ,Yes,1400000,No,2016,4990,Montenegro,Intermediate,Clear,5.0,Guide,Poles,Leisure,Minor Injury,4.0
257,Manaslu Circuit Trek,1499.0,18,Moderate,5160,Guesthouse,Jan - May & Sept - Dec,2020-08-28,Others,32,Government Sector,Yes,800000,No,2017,5080,Mozambique,Advanced,Snowy,12.0,Guide,Oxygen,Charity,Minor Injury,5.0
258,Manaslu Circuit Trek,1499.0,18,Moderate,5160,Guesthouse,Jan - May & Sept - Dec,2023-01-28,Male,34,Government Sector,Yes,1300000,No,2016,2880,Ghana,Intermediate,Clear,10.0,Guide,Poles,Leisure,Minor Injury,4.5
259,Manaslu Circuit Trek,1499.0,18,Moderate,5160,Guesthouse,Jan - May & Sept - Dec,2020-10-05,Others,34,Private Sector ,Yes,1000000,No,2017,8620,Venezuela,Beginner,Rainy,8.0,No Guide,Poles,Adventure,Altitude Sickness,3.0
260,Manaslu Circuit Trek,1499.0,18,Moderate,5160,Guesthouse,Jan - May & Sept - Dec,2021-12-07,Male,32,Government Sector,Yes,800000,Yes,2016,6040,Peru,Beginner,Cloudy,6.0,No Guide,Poles,Adventure,Minor Injury,3.5
261,Manaslu Circuit Trek,1499.0,18,Moderate,5160,Guesthouse,Jan - May & Sept - Dec,2020-03-26,Others,28,Private Sector ,Yes,600000,No,2017,2040,Benan,Intermediate,Clear,5.0,Guide,Poles,Leisure,Minor Injury,4.0
262,Manaslu and Annapurna Trek with Tilicho Lake,1499.0,25,Moderate,5416,Guesthouse,Jan - May & Sept - Dec,2020-03-17,Others,26,Private Sector ,Yes,1300000,No,2017,6160,Poland,Intermediate,Clear,5.0,Guide,Poles,Leisure,Minor Injury,4.0
263,Manaslu and Annapurna Trek with Tilicho Lake,1499.0,25,Moderate,5416,Guesthouse,Jan - May & Sept - Dec,2020-05-18,Others,34,Private Sector ,Yes,1300000,Yes,2016,3840,Court Jiboire,Beginner,Rainy,8.0,No Guide,Poles,Adventure,Altitude Sickness,3.0
264,Manaslu and Annapurna Trek with Tilicho Lake,1499.0,25,Moderate,5416,Guesthouse,Jan - May & Sept - Dec,2021-04-18,Female,31,Government Sector,No,300000,No,2017,3000,Greece,Beginner,Cloudy,6.0,No Guide,Poles,Adventure,Minor Injury,3.5
265,Manaslu and Annapurna Trek with Tilicho Lake,1499.0,25,Moderate,5416,Guesthouse,Jan - May & Sept - Dec,2022-05-05,Others,28,Private Sector ,Yes,800000,No,2016,520,Barbados,Advanced,Snowy,12.0,Guide,Oxygen,Charity,Minor Injury,5.0
266,Manaslu and Annapurna Trek with Tilicho Lake,1499.0,25,Moderate,5416,Guesthouse,Jan - May & Sept - Dec,2023-08-03,Others,25,Private Sector ,No,1700000,Yes,2016,7030,Slovakia,Intermediate,Clear,10.0,Guide,Poles,Leisure,Minor Injury,4.5
267,Mardi Himal Trek,590.0,9,Easy,4500,Guesthouse,Jan - May & Sept - Dec,2020-05-25,Male,28,Private Sector ,Yes,1250000,No,2016,1200,Cameroon,Advanced,Snowy,12.0,Guide,Oxygen,Charity,Minor Injury,5.0
268,Mardi Himal Trek,590.0,9,Easy,4500,Guesthouse,Jan - May & Sept - Dec,2021-05-04,Others,28,Private Sector ,Yes,1200000,No,2016,7640,Thailand,Intermediate,Clear,10.0,Guide,Poles,Leisure,Minor Injury,4.5
269,Mardi Himal Trek,590.0,9,Easy,4500,Guesthouse,Jan - May & Sept - Dec,2022-09-06,Female,31,Private Sector ,Yes,1250000,Yes,2017,6880,Serbia,Intermediate,Clear,5.0,Guide,Poles,Leisure,Minor Injury,4.0
270,Mardi Himal Trek,850.0,9,Easy,4200,Guesthouse,March - May & Sept - Dec,2021-12-31,Others,33,Government Sector,Yes,1000000,No,2017,7060,Somalia,Intermediate,Clear,10.0,Guide,Poles,Leisure,Minor Injury,4.5
271,Mardi Himal Trek,850.0,9,Easy,4200,Guesthouse,March - May & Sept - Dec,2022-09-04,Others,26,Private Sector ,Yes,1250000,No,2016,1560,China,Beginner,Cloudy,6.0,No Guide,Poles,Adventure,Minor Injury,3.5
272,Mardi Himal Trek,850.0,9,Easy,4200,Guesthouse,March - May & Sept - Dec,2020-01-28,Male,25,Private Sector ,No,1150000,No,2016,4580,Malaysia,Intermediate,Clear,5.0,Guide,Poles,Leisure,Minor Injury,4.0
273,Mardi Himal Trek,590.0,9,Easy,4500,Guesthouse,Jan - May & Sept - Dec,2021-05-09,Female,32,Government Sector,Yes,350000,No,2017,3680,Iraq,Beginner,Cloudy,6.0,No Guide,Poles,Adventure,Minor Injury,3.5
274,Mardi Himal Trek,590.0,9,Easy,4500,Guesthouse,Jan - May & Sept - Dec,2023-04-05,Female,33,Government Sector,Yes,650000,No,2016,4380,Liechtenstein,Beginner,Rainy,8.0,No Guide,Poles,Adventure,Altitude Sickness,3.0
275,Mardi Himal Trek,850.0,9,Easy,4200,Guesthouse,March - May & Sept - Dec,2022-04-15,Others,28,Government Sector,Yes,300000,No,2017,4000,Jordan,Beginner,Rainy,8.0,No Guide,Poles,Adventure,Altitude Sickness,3.0
276,Mardi Himal Trek,850.0,9,Easy,4200,Guesthouse,March - May & Sept - Dec,2022-06-16,Male,28,Private Sector ,Yes,800000,No,2017,640,Bhutan,Advanced,Snowy,12.0,Guide,Oxygen,Charity,Minor Injury,5.0
277,Mardi Himal Trekking,850.0,8,Easy,4200,Guesthouse,March-May & Sept-Dec.,2021-12-15,Others,29,Private Sector ,Yes,1050000,No,2017,680,Bolivia,Intermediate,Clear,5.0,Guide,Poles,Leisure,Minor Injury,4.0
278,Mardi Himal Trekking,850.0,8,Easy,4200,Guesthouse,March-May & Sept-Dec.,2023-08-01,Male,28,Private Sector ,Yes,800000,No,2017,7100,Republic of South Africa,Beginner,Rainy,8.0,No Guide,Poles,Adventure,Altitude Sickness,3.0
279,Mardi Himal Trekking,850.0,8,Easy,4200,Guesthouse,March-May & Sept-Dec.,2022-02-04,Others,27,Private Sector ,No,350000,No,2016,1580,Taiwan,Beginner,Snowy,12.0,Guide,Poles,Adventure,Minor Injury,5.0
280,Mardi Himal Trekking,850.0,8,Easy,4200,Guesthouse,March-May & Sept-Dec.,2022-01-24,Others,26,Private Sector ,Yes,1400000,No,2016,4620,Maldives,Beginner,Cloudy,6.0,No Guide,Poles,Adventure,Minor Injury,3.5
281,Mardi Himal Trekking,850.0,8,Easy,4200,Guesthouse,March-May & Sept-Dec.,2022-04-11,Others,28,Private Sector ,Yes,1150000,No,2017,4040,Kenya,Advanced,Snowy,12.0,Guide,Oxygen,Charity,Minor Injury,5.0
282,Mardi Himal Trek,1499.0,10,Moderate,3540,Guesthouse,Jan - May & Sept - Dec,2021-01-23,Others,27,Private Sector ,No,800000,No,2016,2760,Germany,Beginner,Cloudy,6.0,No Guide,Poles,Adventure,Minor Injury,3.5
283,Mardi Himal Trek,1499.0,10,Moderate,3540,Guesthouse,Jan - May & Sept - Dec,2022-05-10,Others,26,Private Sector ,Yes,1400000,No,2017,5040,Morocco,Beginner,Rainy,8.0,No Guide,Poles,Adventure,Altitude Sickness,3.0
284,Mardi Himal Trek,1499.0,10,Moderate,3540,Guesthouse,Jan - May & Sept - Dec,2021-11-27,Others,25,Private Sector ,Yes,1400000,Yes,2017,8600,Uzbekistan,Intermediate,Clear,10.0,Guide,Poles,Leisure,Minor Injury,4.5
285,Mardi Himal Trek,1499.0,10,Moderate,3540,Guesthouse,Jan - May & Sept - Dec,2020-11-03,Female,35,Government Sector,Yes,1100000,No,2017,2030,Czech Republic,Advanced,Snowy,12.0,Guide,Oxygen,Charity,Minor Injury,5.0
286,Mardi Himal Trek,1499.0,10,Moderate,3540,Guesthouse,Jan - May & Sept - Dec,2021-07-09,Others,28,Private Sector ,Yes,1250000,No,2016,6000,Paraguay,Beginner,Rainy,12.0,Guide,Poles,Adventure,Minor Injury,5.0
287,Nar Phu Valley Trek,1499.0,19,Moderate,5416,Guesthouse,Jan - May & Sept - Dec,2023-06-09,Others,28,Private Sector ,Yes,1400000,No,2016,6620,St. Lucia,Intermediate,Clear,10.0,Guide,Poles,Leisure,Minor Injury,4.5
288,Nar Phu Valley Trek,1499.0,19,Moderate,5416,Guesthouse,Jan - May & Sept - Dec,2021-05-10,Others,25,Private Sector ,Yes,1750000,No,2017,5780,Norway,Intermediate,Clear,5.0,Guide,Poles,Leisure,Minor Injury,4.0
289,Nar Phu Valley Trek,1499.0,19,Moderate,5416,Guesthouse,Jan - May & Sept - Dec,2023-02-28,Female,33,Private Sector ,Yes,1400000,Yes,2017,2420,Fiji,Beginner,Cloudy,6.0,No Guide,Poles,Adventure,Minor Injury,3.5
290,Nar Phu Valley Trek,1499.0,19,Moderate,5416,Guesthouse,Jan - May & Sept - Dec,2023-04-10,Male,26,Private Sector ,Yes,750000,No,2016,3442,Hong Kong SAR,Beginner,Rainy,8.0,No Guide,Poles,Adventure,Altitude Sickness,3.0
291,Nar Phu Valley Trek,1499.0,19,Moderate,5416,Guesthouse,Jan - May & Sept - Dec,2022-01-21,Others,31,Government Sector,No,350000,No,2016,240,Angola,Advanced,Snowy,12.0,Guide,Oxygen,Charity,Minor Injury,5.0
292,Nepal Experience Tour,1499.0,12,Easy,3210,Guesthouse,Jan - May & Sept - Dec,2022-07-04,Others,28,Private Sector ,Yes,1150000,No,2017,5910,Panama,Intermediate,Clear,5.0,Guide,Poles,Leisure,Minor Injury,4.0
293,Nepal Experience Tour,1499.0,12,Easy,3210,Guesthouse,Jan - May & Sept - Dec,2023-01-10,Female,28,Private Sector ,No,550000,No,2016,6860,Senegal,Intermediate,Clear,10.0,Guide,Poles,Leisure,Minor Injury,4.5
294,Nepal Experience Tour,1499.0,12,Easy,3210,Guesthouse,Jan - May & Sept - Dec,2021-11-23,Female,30,Private Sector ,No,1450000,Yes,2017,2700,Gambia,Beginner,Cloudy,6.0,No Guide,Poles,Adventure,Minor Injury,3.5
295,Nepal Experience Tour,1499.0,12,Easy,3210,Guesthouse,Jan - May & Sept - Dec,2022-02-20,Others,28,Private Sector ,Yes,600000,No,2016,3640,Iran,Beginner,Rainy,8.0,No Guide,Poles,Adventure,Altitude Sickness,3.0
296,Nepal Experience Tour,1499.0,12,Easy,3210,Guesthouse,Jan - May & Sept - Dec,2022-11-17,Others,28,Private Sector ,Yes,750000,No,2016,400,Austria,Advanced,Snowy,12.0,Guide,Oxygen,Charity,Minor Injury,5.0
297,Nepal Hiking and Culture Tour,1499.0,8,Moderate,1550,Guesthouse,Jan - May & Sept - Dec,2021-11-17,Others,28,Private Sector ,Yes,1150000,No,2017,6240,Guinea Visau,Intermediate,Clear,10.0,Guide,Poles,Leisure,Minor Injury,4.5
298,Nepal Hiking and Culture Tour,1499.0,8,Moderate,1550,Guesthouse,Jan - May & Sept - Dec,2023-06-27,Female,31,Private Sector ,Yes,1250000,No,2016,640,Bhutan,Beginner,Cloudy,6.0,No Guide,Poles,Adventure,Minor Injury,3.5
299,Nepal Hiking and Culture Tour,1499.0,8,Moderate,1550,Guesthouse,Jan - May & Sept - Dec,2021-01-23,Male,31,Private Sector ,Yes,1250000,No,2016,3980,Kazakhstan,Intermediate,Clear,5.0,Guide,Poles,Leisure,Minor Injury,4.0
300,Nepal Hiking and Culture Tour,1499.0,8,Moderate,1550,Guesthouse,Jan - May & Sept - Dec,2022-04-24,Female,31,Government Sector,Yes,1300000,No,2016,7050,Slovenia,Advanced,Snowy,12.0,Guide,Oxygen,Charity,Minor Injury,5.0
301,Nepal Hiking and Culture Tour,1499.0,8,Moderate,1550,Guesthouse,Jan - May & Sept - Dec,2021-05-30,Others,28,Private Sector ,Yes,750000,Yes,2017,3200,Guatemala,Beginner,Rainy,8.0,No Guide,Poles,Adventure,Altitude Sickness,3.0
302,Nepal Trekking and Everest Himalaya Heli Tour,1499.0,7,Moderate,5545,Guesthouse,Jan - May & Sept - Dec,2022-04-13,Male,26,Private Sector ,Yes,1500000,Yes,2016,560,Belgium,Intermediate,Clear,5.0,Guide,Poles,Leisure,Minor Injury,4.0
303,Nepal Trekking and Everest Himalaya Heli Tour,1499.0,7,Moderate,5545,Guesthouse,Jan - May & Sept - Dec,2021-12-02,Others,34,Government Sector,Yes,1300000,No,2017,3080,Grenada,Intermediate,Clear,10.0,Guide,Poles,Leisure,Minor Injury,4.5
304,Nepal Trekking and Everest Himalaya Heli Tour,1499.0,7,Moderate,5545,Guesthouse,Jan - May & Sept - Dec,2020-09-20,Male,31,Private Sector ,Yes,1250000,No,2017,6200,Portugal,Beginner,Cloudy,6.0,No Guide,Poles,Adventure,Minor Injury,3.5
305,Nepal Trekking and Everest Himalaya Heli Tour,1499.0,7,Moderate,5545,Guesthouse,Jan - May & Sept - Dec,2022-02-21,Male,28,Government Sector,Yes,300000,No,2016,7040,Vietnam,Beginner,Snowy,12.0,Guide,Poles,Adventure,Minor Injury,5.0
306,Nepal Trekking and Everest Himalaya Heli Tour,1499.0,7,Moderate,5545,Guesthouse,Jan - May & Sept - Dec,2022-03-18,Female,27,Government Sector,Yes,850000,No,2016,3880,Jamaica,Advanced,Snowy,12.0,Guide,Oxygen,Charity,Minor Injury,5.0
307,Rara Lake Trek,1499.0,15,Moderate,3055,Guesthouse,Jan - May & Sept - Dec,2022-05-29,Female,34,Private Sector ,Yes,1300000,Yes,2016,6200,Portugal,Advanced,Snowy,12.0,Guide,Oxygen,Charity,Minor Injury,5.0
308,Rara Lake Trek,1499.0,15,Moderate,3055,Guesthouse,Jan - May & Sept - Dec,2022-07-28,Others,29,Private Sector ,Yes,1050000,No,2017,2140,dominican republic,Beginner,Rainy,8.0,No Guide,Poles,Adventure,Altitude Sickness,3.0
309,Rara Lake Trek,1499.0,15,Moderate,3055,Guesthouse,Jan - May & Sept - Dec,2020-12-01,Others,34,Private Sector ,Yes,1000000,Yes,2016,3080,Grenada,Intermediate,Clear,5.0,Guide,Poles,Leisure,Minor Injury,4.0
310,Rara Lake Trek,1499.0,15,Moderate,3055,Guesthouse,Jan - May & Sept - Dec,2020-04-03,Female,30,Private Sector ,No,1450000,Yes,2017,8940,Zambia,Beginner,Cloudy,6.0,No Guide,Poles,Adventure,Minor Injury,3.5
311,Rara Lake Trek,1499.0,15,Moderate,3055,Guesthouse,Jan - May & Sept - Dec,2022-01-21,Others,29,Private Sector ,Yes,500000,No,2017,5200,Naure,Intermediate,Clear,10.0,Guide,Poles,Leisure,Minor Injury,4.5
312,Short Annapurna Trek,590.0,5,Easy,1990,Lodges,Jan- May & Sept - Dec,2022-01-13,Male,35,Private Sector ,No,800000,No,2017,1000,Bulgaria,Intermediate,Clear,10.0,Guide,Poles,Leisure,Minor Injury,4.5
313,Short Annapurna Trek,590.0,5,Easy,1990,Lodges,Jan- May & Sept - Dec,2022-01-19,Others,26,Private Sector ,Yes,450000,No,2017,7520,Sweden,Intermediate,Clear,5.0,Guide,Poles,Leisure,Minor Injury,4.0
314,Short Annapurna Trek,590.0,5,Easy,1990,Lodges,Jan- May & Sept - Dec,2020-02-29,Others,27,Government Sector,Yes,1050000,Yes,2016,1910,Croatia,Advanced,Snowy,12.0,Guide,Oxygen,Charity,Minor Injury,5.0
315,Short Annapurna Trek,590.0,5,Easy,1990,Lodges,Jan- May & Sept - Dec,2022-09-28,Female,28,Private Sector ,Yes,500000,No,2016,4960,Mongolia,Beginner,Rainy,8.0,No Guide,Poles,Adventure,Altitude Sickness,3.0
316,Short Annapurna Trek,590.0,5,Easy,1990,Lodges,Jan- May & Sept - Dec,2020-07-15,Female,29,Government Sector,Yes,600000,No,2017,4260,Lesot,Beginner,Cloudy,6.0,No Guide,Poles,Adventure,Minor Injury,3.5
317,Short Everest Trek,1060.0,7,Easy,3900,Guesthouse,March - May & Sept - Dec.,2022-06-28,Female,28,Private Sector ,Yes,1450000,Yes,2017,320,Argentina,Intermediate,Clear,5.0,Guide,Poles,Leisure,Minor Injury,4.0
318,Tamang Heritage Trail,750.0,8,Easy,2607,Lodges,Jan - May & Sept - Dec,2020-08-17,Others,25,Private Sector ,Yes,1700000,Yes,2017,4540,Malawi,Beginner,Cloudy,6.0,No Guide,Poles,Adventure,Minor Injury,3.5
319,Tamang Heritage Trail,750.0,8,Easy,2607,Lodges,Jan - May & Sept - Dec,2020-08-24,Male,33,Private Sector ,Yes,550000,No,2016,2260,Equatorial guinea,Advanced,Snowy,12.0,Guide,Oxygen,Charity,Minor Injury,5.0
320,Tamang Heritage Trail,750.0,8,Easy,2607,Lodges,Jan - May & Sept - Dec,2022-03-03,Others,33,Private Sector ,Yes,1400000,Yes,2017,1480,Chad,Intermediate,Clear,10.0,Guide,Poles,Leisure,Minor Injury,4.5
321,Tamang Heritage Trail,750.0,8,Easy,2607,Lodges,Jan - May & Sept - Dec,2020-11-29,Others,33,Private Sector ,Yes,550000,No,2016,5480,Vanuatsu,Beginner,Rainy,8.0,No Guide,Poles,Adventure,Altitude Sickness,3.0
322,Tamang Heritage Trail,750.0,8,Easy,2607,Lodges,Jan - May & Sept - Dec,2020-11-30,Others,25,Private Sector ,No,1700000,Yes,2017,7920,Turkey,Intermediate,Clear,5.0,Guide,Poles,Leisure,Minor Injury,4.0
323,Tamang Heritage Trek,920.0,14,Easy,5050,Guesthouse,March - May & Sept - Dec,2023-01-29,Others,26,Private Sector ,Yes,1300000,No,2017,4500,Madagascar,Intermediate,Clear,5.0,Guide,Poles,Leisure,Minor Injury,4.0
324,Tamang Heritage Trek,920.0,14,Easy,5050,Guesthouse,March - May & Sept - Dec,2021-02-06,Others,34,Government Sector,Yes,1300000,No,2016,2220,El Salvador,Beginner,Rainy,8.0,No Guide,Poles,Adventure,Altitude Sickness,3.0
325,Tamang Heritage Trek,920.0,14,Easy,5050,Guesthouse,March - May & Sept - Dec,2022-08-10,Male,35,Private Sector ,No,800000,Yes,2017,7880,Tunisia,Advanced,Snowy,12.0,Guide,Oxygen,Charity,Minor Injury,5.0
326,Tamang Heritage Trek,920.0,14,Easy,5050,Guesthouse,March - May & Sept - Dec,2020-04-26,Male,35,Private Sector ,No,800000,No,2016,5280,Netherlands,Intermediate,Clear,10.0,Guide,Poles,Leisure,Minor Injury,4.5
327,Tamang Heritage Trek,920.0,14,Easy,5050,Guesthouse,March - May & Sept - Dec,2022-11-24,Female,28,Private Sector ,Yes,800000,No,2017,1440,Sri Lanka,Beginner,Cloudy,6.0,No Guide,Poles,Adventure,Minor Injury,3.5
328,Tamang Heritage Trek,1499.0,14,Moderate,3870,Guesthouse,Jan - May & Sept - Dec,2022-04-10,Female,29,Private Sector ,Yes,350000,No,2017,2960,Kiribass,Beginner,Clear,12.0,Guide,Poles,Adventure,Minor Injury,5.0
329,Tamang Heritage Trek,1499.0,14,Moderate,3870,Guesthouse,Jan - May & Sept - Dec,2022-05-26,Female,32,Government Sector,Yes,350000,No,2017,6080,Philippines,Advanced,Snowy,12.0,Guide,Oxygen,Charity,Minor Injury,5.0
330,Tamang Heritage Trek,1499.0,14,Moderate,3870,Guesthouse,Jan - May & Sept - Dec,2022-05-18,Female,31,Government Sector,Yes,1200000,No,2016,7020,Singapore,Beginner,Cloudy,6.0,No Guide,Poles,Adventure,Minor Injury,3.5
331,Tamang Heritage Trek,1499.0,14,Moderate,3870,Guesthouse,Jan - May & Sept - Dec,2023-06-17,Others,32,Government Sector,Yes,900000,No,2016,3800,Italy,Intermediate,Clear,10.0,Guide,Poles,Leisure,Minor Injury,4.5
332,Tamang Heritage Trek,1499.0,14,Moderate,3870,Guesthouse,Jan - May & Sept - Dec,2020-08-09,Male,34,Private Sector ,Yes,1050000,No,2016,510,Armenia,Beginner,Rainy,8.0,No Guide,Poles,Adventure,Altitude Sickness,3.0
333,Tenzing Hillary Everest Marathon,1499.0,20,Difficult,5545,Guesthouse,Jan - May & Sept - Dec,2020-09-17,Others,31,Government Sector,No,400000,No,2017,6340,Qatar,Advanced,Snowy,12.0,Guide,Oxygen,Charity,Minor Injury,5.0
334,Tenzing Hillary Everest Marathon,1499.0,20,Difficult,5545,Guesthouse,Jan - May & Sept - Dec,2022-09-10,Female,32,Government Sector,Yes,800000,No,2016,7100,Republic of South Africa,Beginner,Cloudy,6.0,No Guide,Poles,Adventure,Minor Injury,3.5
335,Tenzing Hillary Everest Marathon,1499.0,20,Difficult,5545,Guesthouse,Jan - May & Sept - Dec,2022-10-13,Male,28,Private Sector ,Yes,750000,Yes,2017,3280,Gaiana,Intermediate,Clear,5.0,Guide,Poles,Leisure,Minor Injury,4.0
336,Tenzing Hillary Everest Marathon,1499.0,20,Difficult,5545,Guesthouse,Jan - May & Sept - Dec,2020-12-30,Others,28,Private Sector ,Yes,550000,No,2016,4040,Kenya,Intermediate,Clear,10.0,Guide,Poles,Leisure,Minor Injury,4.5
337,Tenzing Hillary Everest Marathon,1499.0,20,Difficult,5545,Guesthouse,Jan - May & Sept - Dec,2022-10-21,Others,28,Private Sector ,Yes,1200000,No,2016,700,Bosnia Herzegovna,Beginner,Clear,12.0,Guide,Poles,Adventure,Minor Injury,5.0
338,The Royal Trek,1499.0,9,Moderate,1730,Guesthouse,Jan - May & Sept - Dec,2020-11-21,Others,31,Private Sector ,Yes,1350000,No,2016,6430,Russia,Advanced,Snowy,12.0,Guide,Oxygen,Charity,Minor Injury,5.0
339,The Royal Trek,1499.0,9,Moderate,1730,Guesthouse,Jan - May & Sept - Dec,2021-01-29,Others,28,Private Sector ,Yes,800000,No,2017,5580,Nicaragua,Intermediate,Clear,10.0,Guide,Poles,Leisure,Minor Injury,4.5
340,The Royal Trek,1499.0,9,Moderate,1730,Guesthouse,Jan - May & Sept - Dec,2022-03-14,Others,28,Private Sector ,Yes,550000,No,2017,2320,Eritria,Beginner,Rainy,8.0,No Guide,Poles,Adventure,Altitude Sickness,3.0
341,The Royal Trek,1499.0,9,Moderate,1730,Guesthouse,Jan - May & Sept - Dec,2020-09-18,Others,32,Government Sector,Yes,900000,Yes,2016,80,Albania,Beginner,Cloudy,6.0,No Guide,Poles,Adventure,Minor Injury,3.5
342,The Royal Trek,1499.0,9,Moderate,1730,Guesthouse,Jan - May & Sept - Dec,2023-05-27,Others,32,Government Sector,Yes,800000,No,2016,3400,Honduras,Beginner,Clear,12.0,Guide,Poles,Adventure,Minor Injury,5.0
343,Tsum Valley Trek,1499.0,19,Moderate,6000,Guesthouse,Jan - May & Sept - Dec,2021-03-28,Female,29,Private Sector ,Yes,1050000,No,2017,5540,new zealand,Beginner,Cloudy,6.0,No Guide,Poles,Adventure,Minor Injury,3.5
344,Tsum Valley Trek,1499.0,19,Moderate,6000,Guesthouse,Jan - May & Sept - Dec,2022-02-05,Others,28,Private Sector ,Yes,1100000,No,2016,40,Afghanistan,Intermediate,Clear,5.0,Guide,Poles,Leisure,Minor Injury,4.0
345,Tsum Valley Trek,1499.0,19,Moderate,6000,Guesthouse,Jan - May & Sept - Dec,2021-05-01,Female,31,Private Sector ,Yes,950000,Yes,2016,3320,Haiti,Advanced,Snowy,12.0,Guide,Oxygen,Charity,Minor Injury,5.0
346,Tsum Valley Trek,1499.0,19,Moderate,6000,Guesthouse,Jan - May & Sept - Dec,2021-11-01,Male,26,Private Sector ,Yes,750000,No,2017,2310,Ethiopia,Intermediate,Clear,10.0,Guide,Poles,Leisure,Minor Injury,4.5
347,Tsum Valley Trek,1499.0,19,Moderate,6000,Guesthouse,Jan - May & Sept - Dec,2022-03-06,Female,29,Private Sector ,Yes,1200000,Yes,2016,6420,Romania,Beginner,Rainy,8.0,No Guide,Poles,Adventure,Altitude Sickness,3.0
348,Tsum Valley and Manaslu Trek,1499.0,27,Moderate,4460,Guesthouse,Jan - May & Sept - Dec,2020-09-08,Others,29,Private Sector ,Yes,500000,No,2017,5850,Palao,Beginner,Rainy,8.0,No Guide,Poles,Adventure,Altitude Sickness,3.0
349,Tsum Valley and Manaslu Trek,1499.0,27,Moderate,4460,Guesthouse,Jan - May & Sept - Dec,2022-05-15,Others,34,Private Sector ,Yes,1000000,Yes,2016,6780,Santa Principa,Intermediate,Clear,5.0,Guide,Poles,Leisure,Minor Injury,4.0
350,Tsum Valley and Manaslu Trek,1499.0,27,Moderate,4460,Guesthouse,Jan - May & Sept - Dec,2021-12-16,Female,28,Private Sector ,Yes,750000,No,2016,3560,India,Beginner,Cloudy,6.0,No Guide,Poles,Adventure,Minor Injury,3.5
351,Tsum Valley and Manaslu Trek,1499.0,27,Moderate,4460,Guesthouse,Jan - May & Sept - Dec,2022-11-23,Male,28,Private Sector ,Yes,1200000,Yes,2016,320,Argentina,Intermediate,Clear,10.0,Guide,Poles,Leisure,Minor Injury,4.5
352,Tsum Valley and Manaslu Trek,1499.0,27,Moderate,4460,Guesthouse,Jan - May & Sept - Dec,2020-03-04,Male,28,Private Sector ,Yes,800000,Yes,2017,2620,Jibuti,Advanced,Snowy,12.0,Guide,Oxygen,Charity,Minor Injury,5.0
353,Tsum Valley with Manaslu Trek,1850.0,20,Difficult,5220,Guesthouse,March - May & Sept - Nov,2023-07-07,Male,26,Private Sector ,Yes,600000,Yes,2017,1120,Belarus,Intermediate,Clear,5.0,Guide,Poles,Leisure,Minor Injury,4.0
354,Tsum Valley with Manaslu Trek,1850.0,20,Difficult,5220,Guesthouse,March - May & Sept - Nov,2023-05-15,Others,34,Private Sector ,Yes,1000000,No,2016,2030,Czech Republic,Beginner,Clear,12.0,Guide,Poles,Adventure,Minor Injury,5.0
355,Tsum Valley with Manaslu Trek,1850.0,20,Difficult,5220,Guesthouse,March - May & Sept - Nov,2023-07-13,Female,34,Private Sector ,Yes,1050000,No,2017,7620,Tajikistan,Beginner,Rainy,12.0,Guide,Poles,Adventure,Minor Injury,5.0
356,Tsum Valley with Manaslu Trek,1850.0,20,Difficult,5220,Guesthouse,March - May & Sept - Nov,2023-06-10,Male,29,Private Sector ,Yes,500000,No,2017,4340,Libya,Advanced,Snowy,12.0,Guide,Oxygen,Charity,Minor Injury,5.0
357,Tsum Valley with Manaslu Trek,1850.0,20,Difficult,5220,Guesthouse,March - May & Sept - Nov,2020-12-04,Male,28,Government Sector,Yes,300000,No,2016,5040,Morocco,Beginner,Snowy,12.0,Guide,Poles,Adventure,Minor Injury,5.0
358,Upper Mustang Tiji Festival Trek,2150.0,18,Easy,4210,Teahouse,March - May & Sept - Nov,2021-05-19,Female,28,Private Sector ,Yes,1400000,No,2016,2120,Dominica,Intermediate,Clear,5.0,Guide,Poles,Leisure,Minor Injury,4.0
359,Upper Mustang Tiji Festival Trek,2150.0,18,Easy,4210,Teahouse,March - May & Sept - Nov,2020-02-20,Others,28,Private Sector ,Yes,750000,No,2017,4420,Luxembourg,Intermediate,Clear,10.0,Guide,Poles,Leisure,Minor Injury,4.5
360,Upper Mustang Tiji Festival Trek,2150.0,18,Easy,4210,Teahouse,March - May & Sept - Nov,2021-03-30,Others,34,Government Sector,Yes,1300000,No,2016,5160,Namibia,Beginner,Clear,12.0,Guide,Poles,Adventure,Minor Injury,5.0
361,Upper Mustang Tiji Festival Trek,2150.0,18,Easy,4210,Teahouse,March - May & Sept - Nov,2022-07-09,Others,31,Government Sector,No,300000,No,2017,1240,Canada,Beginner,Rainy,8.0,No Guide,Poles,Adventure,Altitude Sickness,3.0
362,Upper Mustang Tiji Festival Trek,2150.0,18,Easy,4210,Teahouse,March - May & Sept - Nov,2023-03-05,Female,26,Private Sector ,Yes,1250000,No,2017,7760,Tonga,Beginner,Cloudy,6.0,No Guide,Poles,Adventure,Minor Injury,3.5
363,Upper Mustang Trek,2100.0,17,Moderate,4200,Guesthouse,Jan - May & Sept - Dec,2022-04-08,Others,26,Private Sector ,Yes,1250000,No,2016,4340,Libya,Intermediate,Clear,10.0,Guide,Poles,Leisure,Minor Injury,4.5
364,Upper Mustang Trek,2150.0,17,Easy,4210,Guesthouse,March - May & Sept - Nov.,2023-07-26,Female,28,Government Sector,Yes,300000,No,2016,2040,Benan,Beginner,Rainy,8.0,No Guide,Poles,Adventure,Altitude Sickness,3.0
365,Upper Mustang Trek,2100.0,17,Moderate,4200,Guesthouse,Jan - May & Sept - Dec,2022-09-09,Female,27,Private Sector ,No,1550000,Yes,2016,7620,Tajikistan,Beginner,Cloudy,6.0,No Guide,Poles,Adventure,Minor Injury,3.5
366,Upper Mustang Trek,2100.0,17,Moderate,4200,Guesthouse,Jan - May & Sept - Dec,2022-03-13,Others,31,Government Sector,Yes,1200000,No,2016,1160,Cambodia,Beginner,Rainy,8.0,No Guide,Poles,Adventure,Altitude Sickness,3.0
367,Upper Mustang Trek,2100.0,17,Moderate,4200,Guesthouse,Jan - May & Sept - Dec,2021-09-03,Male,34,Private Sector ,No,950000,Yes,2017,3640,Iran,Intermediate,Clear,5.0,Guide,Poles,Leisure,Minor Injury,4.0
368,Upper Mustang Trek,2150.0,17,Easy,4210,Guesthouse,March - May & Sept - Nov.,2023-02-01,Female,31,Private Sector ,Yes,1250000,No,2016,5080,Mozambique,Intermediate,Clear,10.0,Guide,Poles,Leisure,Minor Injury,4.5
369,Upper Mustang Trek,2150.0,17,Easy,4210,Guesthouse,March - May & Sept - Nov.,2020-10-14,Male,31,Private Sector ,Yes,900000,No,2017,1160,Cambodia,Beginner,Cloudy,6.0,No Guide,Poles,Adventure,Minor Injury,3.5
370,Upper Mustang Trek,2150.0,17,Easy,4210,Guesthouse,March - May & Sept - Nov.,2022-05-10,Female,28,Private Sector ,Yes,1250000,No,2017,7640,Thailand,Advanced,Snowy,12.0,Guide,Oxygen,Charity,Minor Injury,5.0
371,Upper Mustang Trek,2150.0,17,Easy,4210,Guesthouse,March - May & Sept - Nov.,2023-04-19,Others,26,Private Sector ,Yes,1400000,No,2017,4380,Liechtenstein,Intermediate,Clear,5.0,Guide,Poles,Leisure,Minor Injury,4.0
372,Upper Mustang Trek,2100.0,17,Moderate,4200,Guesthouse,Jan - May & Sept - Dec,2022-10-14,Male,28,Private Sector ,Yes,600000,No,2017,6860,Senegal,Advanced,Snowy,12.0,Guide,Oxygen,Charity,Minor Injury,5.0
373,Upper Mustang Trek with Yara,2300.0,18,Easy,4200,Lodges,March - Nov,2020-02-01,Others,28,Private Sector ,Yes,1150000,No,2016,5120,Oman,Beginner,Rainy,8.0,No Guide,Poles,Adventure,Altitude Sickness,3.0
374,Upper Mustang Trek with Yara,2300.0,18,Easy,4200,Lodges,March - Nov,2022-07-23,Others,30,Private Sector ,No,550000,Yes,2017,1200,Cameroon,Intermediate,Clear,10.0,Guide,Poles,Leisure,Minor Injury,4.5
375,Upper Mustang Trek with Yara,2300.0,18,Easy,4200,Lodges,March - Nov,2023-03-17,Others,29,Private Sector ,Yes,1350000,No,2016,2080,Denmark,Advanced,Snowy,12.0,Guide,Oxygen,Charity,Minor Injury,5.0
376,Upper Mustang Trek with Yara,2300.0,18,Easy,4200,Lodges,March - Nov,2022-09-12,Male,32,Government Sector,Yes,350000,No,2017,7680,Togo,Intermediate,Clear,5.0,Guide,Poles,Leisure,Minor Injury,4.0
377,Upper Mustang Trek with Yara,2300.0,18,Easy,4200,Lodges,March - Nov,2020-02-29,Female,28,Private Sector ,Yes,1150000,No,2017,4400,Lithuania,Beginner,Cloudy,6.0,No Guide,Poles,Adventure,Minor Injury,3.5
378,Upper Mustang Trek,1499.0,17,Moderate,3870,Guesthouse,Jan - May & Sept - Dec,2022-05-22,Others,31,Government Sector,Yes,1500000,Yes,2017,4960,Mongolia,Intermediate,Clear,5.0,Guide,Poles,Leisure,Minor Injury,4.0
379,Upper Mustang Trek,1499.0,17,Moderate,3870,Guesthouse,Jan - May & Sept - Dec,2021-09-29,Male,27,Private Sector ,No,800000,No,2016,5860,Pakistan,Intermediate,Clear,10.0,Guide,Poles,Leisure,Minor Injury,4.5
380,Upper Mustang Trek,1499.0,17,Moderate,3870,Guesthouse,Jan - May & Sept - Dec,2022-03-23,Female,25,Private Sector ,Yes,1400000,No,2017,1910,Croatia,Beginner,Cloudy,6.0,No Guide,Poles,Adventure,Minor Injury,3.5
381,Upper Mustang Trek,1499.0,17,Moderate,3870,Guesthouse,Jan - May & Sept - Dec,2023-03-12,Others,28,Private Sector ,Yes,800000,No,2017,8400,united states of america,Advanced,Snowy,12.0,Guide,Oxygen,Charity,Minor Injury,5.0
382,Upper Mustang Trek,1499.0,17,Moderate,3870,Guesthouse,Jan - May & Sept - Dec,2021-10-13,Others,31,Government Sector,Yes,400000,No,2016,2660,Gabon,Beginner,Rainy,8.0,No Guide,Poles,Adventure,Altitude Sickness,3.0
